NÂº,Id_Jogo,League,Season,Date,Rodada,Home,Away,HT_Goals_H,HT_Goals_A,HT_TotalGoals,FT_Goals_H,FT_Goals_A,FT_TotalGoals,Goals_H_Minutes,Goals_A_Minutes,FT_Corners_H,FT_Corners_A,FT_TotalCorners,HT_Odds_H,HT_Odds_D,HT_Odds_A,HT_Odds_Over05,HT_Odds_Under05,HT_Odds_Over15,HT_Odds_Under15,HT_Odds_Over25,HT_Odds_Under25,FT_Odds_H,FT_Odds_D,FT_Odds_A,FT_Odds_Over05,FT_Odds_Under05,FT_Odds_Over15,FT_Odds_Under15,FT_Odds_Over25,FT_Odds_Under25,Odds_BTTS_Yes,Odds_BTTS_No,Odds_DuplaChance_1X,Odds_DuplaChance_12,Odds_DuplaChance_X2,PPG_Home_Pre,PPG_Away_Pre,PPG_Home,PPG_Away,XG_Home_Pre,XG_Away_Pre,XG_Total_Pre,Odds_Corners_H,Odds_Corners_D,Odds_Corners_A,Odds_Corners_Over75,Odds_Corners_Over85,Odds_Corners_Over95,Odds_Corners_Over105,Odds_Corners_Over115,ShotsOnTarget_H,ShotsOnTarget_A,ShotsOffTarget_H,ShotsOffTarget_A,Shots_H,Shots_A
1,4925935,USA MLS,2023,2023-02-25 18:30:00,0,Nashville SC,New York City,1,0,1,2,0,2,"['34', '80']",[],8,3,11,2.63,2.2,4.0,1.4,2.75,2.75,1.4,8.0,1.08,2.45,3.48,2.74,1.03,8.5,1.29,3.3,1.86,1.94,1.75,2.0,1.3,1.3,1.67,0.0,0.0,2.13,0.38,0.0,0.0,0.0,1.58,7.5,2.88,1.28,1.5,1.93,2.5,3.45,6,3,5,7,11,10
2,4925936,USA MLS,2023,2023-02-25 21:30:00,0,Atlanta United FC,SJ Earthquakes,0,1,1,2,1,3,"['90+3', '90+9']",['12'],8,3,11,2.05,2.5,5.5,1.29,3.5,2.25,1.57,5.5,1.14,1.61,4.2,5.05,1.02,17.0,1.17,4.5,1.6,2.15,1.67,2.1,1.14,1.17,2.5,0.0,0.0,2.29,0.29,0.0,0.0,0.0,1.26,9.0,4.7,1.2,1.38,1.67,2.12,2.85,6,5,15,7,21,12
3,4925937,USA MLS,2023,2023-02-25 21:30:00,0,Charlotte,New England Revolution,0,0,0,0,1,1,[],['89'],8,6,14,2.75,2.3,3.6,1.33,3.25,2.5,1.5,6.5,1.11,2.06,3.72,3.3,1.03,16.0,1.22,3.8,1.6,2.15,1.57,2.25,1.37,1.27,1.76,0.0,0.0,1.38,1.43,0.0,0.0,0.0,1.58,7.5,2.88,1.24,1.44,1.8,2.3,3.1,5,6,10,10,15,16
4,4925938,USA MLS,2023,2023-02-25 21:30:00,0,FC Cincinnati,Houston Dynamo,1,1,2,2,1,3,"['19', '48']",['45+2'],0,7,7,2.1,2.5,5.0,1.29,3.5,2.25,1.57,5.5,1.14,1.69,4.14,4.48,1.02,19.0,1.17,4.5,1.53,2.35,1.62,2.2,1.16,1.17,2.35,0.0,0.0,3.0,0.33,0.0,0.0,0.0,1.34,8.5,4.0,1.22,1.42,1.74,2.23,3.0,6,9,10,13,16,22
5,4925939,USA MLS,2023,2023-02-25 21:30:00,0,DC United,Toronto,1,0,1,3,2,5,"['13', '90', '90+8']","['66', '83']",3,2,5,2.88,2.3,3.4,1.3,3.4,2.5,1.5,6.0,1.13,2.29,3.68,2.87,1.03,16.0,1.2,4.0,1.61,2.15,1.57,2.25,1.43,1.28,1.65,0.0,0.0,1.57,0.43,0.0,0.0,0.0,1.65,7.0,2.7,1.27,1.5,1.9,2.45,3.4,7,5,4,4,11,9
6,4925940,USA MLS,2023,2023-02-25 21:30:00,0,Inter Miami,Montreal Impact,1,0,1,2,0,2,"['41', '76']",[],4,4,8,3.1,2.25,3.2,1.33,3.25,2.63,1.44,7.0,1.1,2.53,3.56,2.62,1.04,13.0,1.25,3.6,1.75,2.08,1.62,2.2,1.48,1.3,1.55,0.0,0.0,1.71,0.38,0.0,0.0,0.0,1.72,7.0,2.55,1.25,1.47,1.85,2.38,3.25,8,8,11,9,19,17
7,4925941,USA MLS,2023,2023-02-25 21:30:00,0,Orlando City,New York RB,0,0,0,1,0,1,['56'],[],4,3,7,3.0,2.1,3.75,1.44,2.63,3.25,1.33,9.0,1.07,2.33,3.4,3.0,1.07,10.0,1.34,3.3,1.99,1.82,1.8,1.95,1.38,1.34,1.62,0.0,0.0,1.14,0.57,0.0,0.0,0.0,1.72,7.0,2.55,1.3,1.55,1.98,2.6,3.6,2,5,5,12,7,17
8,4925942,USA MLS,2023,2023-02-25 21:30:00,0,Philadelphia Union,Columbus Crew,1,1,2,4,1,5,"['45+3', '52', '72', '80']",['28'],2,2,4,2.25,2.25,5.0,1.36,3.0,2.75,1.4,7.0,1.1,1.74,3.8,4.56,1.05,12.5,1.29,3.4,1.89,1.91,1.8,1.95,1.18,1.27,2.23,0.0,0.0,2.0,0.67,0.0,0.0,0.0,1.34,8.0,4.0,1.27,1.5,1.9,2.45,3.4,7,4,8,5,15,9
9,4925943,USA MLS,2023,2023-02-25 22:30:00,0,Austin,St. Louis City,1,1,2,2,3,5,"['45+4', '72']","['24', '78', '86']",8,8,16,1.98,2.55,5.2,1.21,3.7,2.23,1.54,5.4,1.13,1.53,4.2,5.8,1.01,17.0,1.16,4.44,1.66,2.12,1.63,2.2,1.15,1.22,2.55,0.0,0.0,1.29,1.67,0.0,0.0,0.0,1.27,9.0,4.6,1.2,1.4,1.65,2.2,2.88,3,10,8,4,11,14
10,4925944,USA MLS,2023,2023-02-25 22:30:00,0,FC Dallas,Minnesota United,0,0,0,0,1,1,[],['48'],9,0,9,2.38,2.25,4.5,1.36,3.0,2.63,1.44,7.0,1.1,1.97,3.74,3.54,1.04,14.0,1.25,3.6,1.7,2.05,1.75,2.0,1.24,1.28,1.95,0.0,0.0,2.0,1.5,0.0,0.0,0.0,1.42,8.0,3.5,1.22,1.42,1.74,2.23,3.0,2,5,10,4,12,9
11,4925947,USA MLS,2023,2023-02-26 00:30:00,0,Vancouver Whitecaps,Real Salt Lake,1,0,1,1,2,3,['24'],"['70', '72']",10,6,16,3.0,2.2,3.5,1.36,3.0,2.75,1.4,8.0,1.08,2.4,3.5,2.83,1.05,12.0,1.29,3.4,1.83,1.97,1.7,2.05,1.38,1.34,1.62,0.0,0.0,2.0,1.17,0.0,0.0,0.0,1.72,7.0,2.55,1.22,1.44,1.8,2.29,3.08,8,8,12,4,20,12
12,4925948,USA MLS,2023,2023-02-26 22:00:00,0,Seattle Sounders,Colorado Rapids,2,0,2,4,0,4,"['25', '45', '53', '83']",[],6,5,11,2.38,2.3,4.33,1.33,3.25,2.5,1.5,6.5,1.11,1.72,3.85,4.2,1.03,13.0,1.22,3.8,1.74,2.1,1.67,2.1,1.23,1.25,1.95,0.0,0.0,1.86,1.13,0.0,0.0,0.0,1.43,7.5,3.45,1.25,1.48,1.87,2.41,3.28,10,3,7,8,17,11
13,4925946,USA MLS,2023,2023-02-28 00:00:00,0,Portland Timbers,Sporting KC,1,0,1,1,0,1,['6'],[],3,11,14,2.6,2.38,3.75,1.3,3.4,2.5,1.5,6.0,1.13,1.95,3.7,3.55,1.03,17.0,1.2,4.0,1.65,2.16,1.57,2.25,1.34,1.26,1.84,0.0,0.0,1.57,0.67,0.0,0.0,0.0,1.53,7.5,3.05,1.25,1.48,1.87,2.41,3.28,5,5,3,11,8,16
14,4925949,USA MLS,2023,2023-03-04 18:30:00,0,Los Angeles FC,Portland Timbers,2,0,2,3,2,5,"['24', '34', '52']","['62', '84']",6,5,11,1.97,2.49,5.9,1.29,3.25,2.35,1.52,5.5,1.13,1.47,4.5,6.0,1.03,17.0,1.18,4.75,1.5,2.35,1.7,2.1,1.12,1.2,2.6,0.0,0.0,2.67,0.71,0.0,0.0,0.0,1.15,12.0,7.3,1.15,1.32,1.6,2.01,2.62,6,6,3,3,9,9
15,4925950,USA MLS,2023,2023-03-04 21:30:00,0,Atlanta United FC,Toronto,0,0,0,1,1,2,['60'],['52'],9,0,9,2.2,2.6,4.5,1.25,3.75,2.1,1.67,4.5,1.18,1.63,4.3,4.4,1.02,23.0,1.15,5.6,1.44,2.53,1.5,2.5,1.2,1.23,2.2,3.0,0.0,2.29,0.43,2.25,1.24,3.49,1.41,9.0,3.48,1.2,1.4,1.73,2.17,2.88,7,4,7,1,14,5
16,4925953,USA MLS,2023,2023-03-04 21:30:00,0,Columbus Crew,DC United,2,0,2,2,0,2,"['10', '44']",[],1,7,8,2.1,2.38,5.5,1.33,3.25,2.63,1.44,6.5,1.11,1.57,4.1,5.25,1.01,12.0,1.2,3.9,1.69,2.01,1.8,1.95,1.13,1.19,2.22,0.0,0.0,2.0,1.14,0.0,0.0,0.0,1.41,9.0,3.56,1.25,1.48,1.88,2.41,3.28,5,4,6,8,11,12
17,4925954,USA MLS,2023,2023-03-04 21:30:00,0,Inter Miami,Philadelphia Union,1,0,1,2,0,2,"['32', '77']",[],6,5,11,3.5,2.15,2.7,1.33,3.0,2.45,1.47,6.0,1.11,3.0,3.45,2.15,1.01,11.0,1.2,3.9,1.69,2.01,1.6,2.15,1.65,1.29,1.35,3.0,0.0,1.71,1.17,2.18,0.0,2.18,2.2,8.0,1.91,1.21,1.41,1.75,2.19,2.93,3,5,3,7,6,12
18,4925955,USA MLS,2023,2023-03-04 21:30:00,0,New England Revolution,Houston Dynamo,1,0,1,3,0,3,"['42', '53', '65']",[],3,3,6,2.15,2.3,4.4,1.29,3.25,2.3,1.53,5.25,1.13,1.65,3.95,4.7,1.03,17.5,1.18,4.5,1.55,2.25,1.62,2.15,1.19,1.23,2.15,0.0,0.0,2.33,0.33,0.0,2.34,2.34,1.51,8.5,3.07,1.18,1.36,1.68,2.09,2.75,6,5,3,2,9,7
19,4925956,USA MLS,2023,2023-03-04 21:30:00,0,New York RB,Nashville SC,0,0,0,0,0,0,[],[],3,5,8,2.75,2.1,4.0,1.4,2.75,3.0,1.36,9.0,1.07,2.0,3.4,3.5,1.07,7.0,1.27,3.4,1.97,1.71,1.8,1.95,1.3,1.32,1.75,0.0,0.0,1.71,1.33,0.0,0.0,0.0,1.55,8.5,3.01,1.27,1.51,2.0,2.49,3.42,4,0,4,4,8,4
20,4925957,USA MLS,2023,2023-03-04 21:30:00,0,Orlando City,FC Cincinnati,0,0,0,0,0,0,[],[],4,1,5,2.66,2.14,3.9,1.4,2.75,2.75,1.4,8.0,1.08,2.1,3.35,3.25,1.05,12.0,1.28,3.7,1.82,1.85,1.73,2.08,1.32,1.32,1.72,3.0,0.0,1.14,1.2,0.93,0.0,0.93,1.64,8.0,2.67,1.25,1.48,1.93,2.39,3.28,2,5,4,5,6,10
21,4925958,USA MLS,2023,2023-03-04 22:30:00,0,Austin,Montreal Impact,0,0,0,1,0,1,['88'],[],5,7,12,2.7,2.15,3.6,1.36,3.0,2.65,1.45,6.0,1.1,2.05,3.55,3.25,1.05,9.0,1.25,3.75,1.68,2.02,1.63,2.2,1.28,1.25,1.7,0.0,0.0,1.29,0.38,1.37,1.93,3.3,1.91,8.0,2.1,1.2,1.41,1.75,2.19,2.93,6,3,3,3,9,6
22,4925959,USA MLS,2023,2023-03-04 22:30:00,0,Chicago Fire,New York City,0,1,1,1,1,2,['75'],['39'],6,4,10,3.0,2.15,3.25,1.38,2.95,2.7,1.42,6.5,1.09,2.35,3.3,2.75,1.05,9.0,1.25,3.6,1.82,1.85,1.65,2.15,1.44,1.3,1.57,0.0,0.0,1.5,0.38,0.0,1.14,1.14,1.75,8.0,2.44,1.27,1.5,1.9,2.45,3.4,2,4,6,3,8,7
23,4925960,USA MLS,2023,2023-03-04 22:30:00,0,FC Dallas,LA Galaxy,1,1,2,3,1,4,"['45+2', '56', '64']",['35'],2,7,9,2.78,2.12,3.75,1.36,3.0,2.65,1.45,6.0,1.1,2.2,3.4,3.1,1.04,10.0,1.25,3.75,1.75,1.93,1.62,2.2,1.35,1.25,1.66,0.0,0.0,2.0,0.29,1.31,0.0,1.31,1.95,8.0,2.05,1.24,1.44,1.8,2.3,3.1,5,7,6,4,11,11
24,4925961,USA MLS,2023,2023-03-04 22:30:00,0,St. Louis City,Charlotte,2,1,3,3,1,4,"['41', '45+5', '71']",['25'],4,3,7,2.65,2.1,3.6,1.36,2.9,2.55,1.44,6.25,1.1,2.4,3.35,2.7,1.04,13.0,1.25,3.6,1.75,1.93,1.65,2.1,1.32,1.3,1.68,0.0,0.0,2.0,1.17,0.0,0.0,0.0,1.9,7.6,2.3,1.22,1.47,1.88,2.26,3.24,6,4,3,2,9,6
25,4925962,USA MLS,2023,2023-03-04 23:30:00,0,Colorado Rapids,Sporting KC,0,0,0,0,0,0,[],[],0,7,7,2.5,2.2,3.7,1.32,3.1,2.45,1.49,5.75,1.11,2.05,3.6,3.3,1.02,15.0,1.2,4.33,1.6,2.15,1.59,2.29,1.3,1.27,1.77,0.0,0.0,0.5,0.67,0.0,1.96,1.96,1.7,7.7,2.66,1.27,1.52,1.92,2.49,3.42,5,12,8,0,13,12
26,4925964,USA MLS,2023,2023-03-05 00:30:00,0,Seattle Sounders,Real Salt Lake,1,0,1,2,0,2,"['35', '58']",[],4,5,9,2.3,2.3,4.75,1.33,3.25,2.63,1.44,6.5,1.11,1.73,3.7,4.2,1.03,13.0,1.22,4.0,1.7,1.99,1.7,2.05,1.19,1.23,1.91,3.0,3.0,1.86,1.17,2.09,1.65,3.74,1.55,8.5,2.91,1.24,1.44,1.8,2.3,3.1,9,3,6,3,15,6
27,4925963,USA MLS,2023,2023-03-05 00:30:00,0,SJ Earthquakes,Vancouver Whitecaps,0,1,1,2,1,3,"['68', '77']",['17'],11,6,17,2.45,2.2,3.75,1.31,3.1,2.4,1.5,5.75,1.12,1.95,3.6,3.45,1.03,16.0,1.2,4.33,1.6,2.15,1.57,2.25,1.28,1.26,1.82,0.0,0.0,2.67,0.5,0.0,0.0,0.0,1.64,8.5,2.66,1.2,1.38,1.67,2.12,2.85,7,3,9,3,16,6
28,4925965,USA MLS,2023,2023-03-11 14:00:00,0,Charlotte,Atlanta United FC,0,3,3,0,3,3,[],"['5', '12', '45+2']",5,4,9,2.75,2.25,3.3,1.31,3.28,2.44,1.52,5.75,1.12,2.13,3.5,2.97,1.04,15.25,1.21,4.45,1.66,2.06,1.56,2.36,1.4,1.32,1.6,0.0,0.0,1.38,0.86,1.85,0.0,1.85,1.7,7.5,2.55,1.17,1.32,1.58,2.0,2.6,4,6,6,3,10,9
29,4925966,USA MLS,2023,2023-03-11 19:00:00,0,Vancouver Whitecaps,FC Dallas,1,1,2,1,1,2,['34'],['5'],8,6,14,2.96,2.15,3.54,1.38,2.91,2.75,1.42,6.9,1.08,2.31,3.21,2.59,1.06,11.25,1.3,3.55,1.8,1.8,1.75,2.12,1.42,1.35,1.58,0.0,0.0,2.0,1.33,2.28,0.0,2.28,1.71,7.0,2.55,1.24,1.44,1.8,2.3,3.15,5,3,4,5,9,8
30,4925967,USA MLS,2023,2023-03-11 21:30:00,0,FC Cincinnati,Seattle Sounders,0,0,0,1,0,1,['63'],[],5,3,8,2.5,2.3,3.75,1.33,3.0,2.4,1.5,5.5,1.11,1.73,3.46,3.79,1.04,15.0,1.22,3.8,1.71,1.9,1.62,2.2,1.35,1.25,1.78,3.0,0.0,3.0,1.43,1.7,0.0,1.7,1.58,7.5,2.88,1.25,1.47,1.85,2.38,3.25,3,2,4,5,7,7
31,4925968,USA MLS,2023,2023-03-11 21:30:00,0,DC United,Orlando City,0,0,0,1,1,2,['80'],['53'],5,2,7,2.9,2.15,3.4,1.36,2.88,2.62,1.42,6.0,1.09,2.31,3.27,2.55,1.05,12.25,1.25,3.6,1.79,1.95,1.65,2.1,1.44,1.3,1.57,3.0,0.0,1.57,1.83,1.43,0.0,1.43,1.73,7.0,2.55,1.37,1.67,2.16,2.95,4.1,6,5,7,3,13,8
32,4925969,USA MLS,2023,2023-03-11 21:30:00,0,New York City,Inter Miami,1,0,1,1,0,1,['36'],[],2,2,4,2.3,2.25,4.5,1.33,3.0,2.6,1.44,5.75,1.1,1.61,3.54,4.43,1.04,8.5,1.25,3.6,1.8,1.8,1.73,2.0,1.22,1.29,2.0,0.0,0.0,2.6,0.5,0.0,0.0,0.0,1.43,8.0,3.5,1.25,1.47,1.85,2.38,3.25,8,4,4,2,12,6
33,4925970,USA MLS,2023,2023-03-11 21:30:00,0,Philadelphia Union,Chicago Fire,0,0,0,1,0,1,['90'],[],6,2,8,1.91,2.5,5.75,1.29,3.3,2.25,1.57,5.0,1.13,1.35,4.28,6.33,1.03,19.25,1.18,4.33,1.55,2.33,1.73,2.0,1.13,1.2,2.63,3.0,0.0,2.0,0.6,1.59,0.0,1.59,1.24,9.0,4.9,1.28,1.5,1.93,2.5,3.45,4,3,8,7,12,10
34,4925971,USA MLS,2023,2023-03-11 21:30:00,0,Toronto,Columbus Crew,1,0,1,1,1,2,['24'],['75'],1,9,10,2.7,2.2,3.6,1.33,3.0,2.4,1.5,5.5,1.11,2.52,3.4,2.28,1.04,8.5,1.22,3.8,1.67,2.1,1.57,2.25,1.35,1.3,1.7,0.0,0.0,1.43,0.67,0.0,1.17,1.17,1.66,7.0,2.7,1.3,1.56,2.0,2.63,3.65,4,5,2,9,6,14
35,4925972,USA MLS,2023,2023-03-11 22:30:00,0,Sporting KC,LA Galaxy,0,0,0,0,0,0,[],[],9,4,13,2.9,2.35,3.3,1.3,3.5,2.4,1.53,5.5,1.12,2.28,3.4,2.52,1.02,15.0,1.2,4.5,1.54,2.35,1.53,2.45,1.44,1.22,1.62,0.0,0.0,0.8,0.29,0.0,1.49,1.49,1.73,7.0,2.55,1.32,1.58,2.02,2.7,3.8,12,3,8,1,20,4
36,4925973,USA MLS,2023,2023-03-11 22:30:00,0,Minnesota United,New York RB,1,0,1,1,1,2,['18'],['49'],6,5,11,3.24,2.07,3.34,1.42,2.62,2.9,1.36,6.5,1.08,2.35,3.13,2.59,1.05,8.0,1.33,3.0,1.9,1.71,1.8,1.91,1.48,1.33,1.48,0.0,0.0,1.2,0.57,0.0,1.87,1.87,1.87,7.0,2.28,1.24,1.44,1.8,2.3,3.15,3,5,5,11,8,16
37,4925974,USA MLS,2023,2023-03-11 22:30:00,0,Nashville SC,Montreal Impact,1,0,1,2,0,2,"['37', '89']",[],9,5,14,2.4,2.2,4.33,1.38,2.8,2.8,1.38,6.0,1.09,2.08,3.17,3.0,1.05,11.0,1.3,3.2,1.9,1.71,1.8,1.95,1.25,1.25,1.9,3.0,0.0,2.13,0.38,1.41,1.42,2.83,1.48,7.5,3.25,1.3,1.56,2.0,2.63,3.65,5,0,5,8,10,8
38,4925975,USA MLS,2023,2023-03-11 23:30:00,0,Real Salt Lake,Austin,1,2,3,1,2,3,['22'],"['9', '33']",8,3,11,2.7,2.25,3.5,1.33,3.0,2.5,1.48,5.5,1.11,2.3,3.34,2.53,1.04,15.0,1.22,3.8,1.63,2.18,1.57,2.25,1.36,1.29,1.7,0.0,0.0,1.14,1.17,0.0,0.0,0.0,1.63,7.5,2.7,1.18,1.34,1.61,2.02,2.7,7,6,6,2,13,8
39,4925976,USA MLS,2023,2023-03-12 00:30:00,0,Portland Timbers,St. Louis City,1,1,2,1,2,3,['3'],"['45+1', '75']",6,6,12,2.35,2.2,4.0,1.32,3.1,2.45,1.49,5.75,1.11,1.88,3.28,3.42,1.04,11.0,1.22,3.9,1.75,1.98,1.65,2.1,1.24,1.26,1.9,3.0,3.0,1.57,1.67,1.06,1.9,2.96,1.5,8.0,3.1,1.2,1.38,1.63,2.03,2.6,4,6,8,4,12,10
40,4925977,USA MLS,2023,2023-03-12 00:30:00,0,SJ Earthquakes,Colorado Rapids,0,0,0,1,0,1,['78'],[],5,3,8,2.4,2.3,4.0,1.3,3.2,2.4,1.5,5.5,1.11,2.22,3.27,2.68,1.04,15.75,1.2,4.0,1.65,2.14,1.57,2.25,1.3,1.25,1.88,3.0,0.0,2.67,1.13,1.88,1.2,3.08,1.46,8.0,3.3,1.2,1.38,1.67,2.12,2.85,5,0,6,7,11,7
41,4925978,USA MLS,2023,2023-03-12 23:30:00,0,Los Angeles FC,New England Revolution,1,0,1,4,0,4,"['14', '67', '83', '90+6']",[],8,5,13,2.0,2.5,6.0,1.3,3.4,2.38,1.53,6.0,1.13,1.4,4.35,5.9,1.02,17.0,1.18,4.75,1.56,2.3,1.75,2.0,1.12,1.2,2.55,3.0,3.0,2.67,1.43,1.38,1.85,3.23,1.25,9.0,4.75,1.13,1.28,1.51,1.87,2.36,13,2,4,2,17,4
42,4925979,USA MLS,2023,2023-03-18 17:00:00,0,Seattle Sounders,Los Angeles FC,0,0,0,0,0,0,[],[],7,4,11,2.7,2.2,3.4,1.32,3.1,2.5,1.47,5.3,1.12,2.15,3.5,3.1,1.04,8.5,1.17,4.3,1.73,2.1,1.52,2.35,1.37,1.3,1.5,3.0,0.0,1.86,1.5,2.0,0.0,2.0,1.69,8.0,2.54,1.17,1.48,1.73,2.1,2.7,6,5,4,4,10,9
43,4925980,USA MLS,2023,2023-03-18 20:30:00,0,Atlanta United FC,Portland Timbers,2,0,2,5,1,6,"['25', '45+5', '59', '75', '86']",['83'],3,3,6,2.29,2.55,4.76,1.28,3.4,2.44,1.59,5.5,1.14,1.48,4.0,4.9,1.03,17.0,1.19,4.77,1.57,2.25,1.63,2.34,1.22,1.25,2.18,2.0,0.0,2.29,0.71,2.1,1.37,3.47,1.26,10.0,4.64,1.13,1.43,1.7,2.1,2.63,9,4,8,4,17,8
44,4925981,USA MLS,2023,2023-03-18 20:30:00,0,Montreal Impact,Philadelphia Union,1,0,1,3,2,5,"['3', '90', '90+8']","['46', '60']",8,3,11,3.2,2.33,3.37,1.36,3.27,2.77,1.48,6.5,1.09,2.15,3.3,2.78,1.05,13.25,1.25,4.02,1.79,1.91,1.66,2.27,1.49,1.32,1.54,0.0,0.0,2.4,1.17,0.0,1.46,1.46,1.51,8.5,3.07,1.22,1.48,1.73,2.1,2.7,5,8,6,4,11,12
45,4925982,USA MLS,2023,2023-03-18 20:30:00,0,New England Revolution,Nashville SC,0,0,0,1,0,1,['52'],[],3,8,11,3.0,2.1,3.75,1.42,2.75,2.91,1.38,7.5,1.07,2.23,3.05,2.83,1.06,10.0,1.33,3.25,2.08,1.66,1.8,1.96,1.36,1.32,1.64,3.0,1.0,2.33,1.33,1.37,0.62,1.99,1.95,8.0,2.1,1.18,1.55,1.85,2.3,2.79,6,4,2,6,8,10
46,4925983,USA MLS,2023,2023-03-18 20:30:00,0,New York RB,Columbus Crew,0,1,1,2,1,3,"['58', '86']",['33'],6,2,8,2.55,2.21,5.07,1.45,2.85,3.25,1.37,7.8,1.06,1.62,3.35,4.7,1.07,10.25,1.35,3.25,2.08,1.66,1.95,1.85,1.23,1.3,1.9,1.0,0.5,1.71,0.67,1.15,1.44,2.59,1.59,8.0,2.9,1.25,1.57,2.0,2.4,3.28,5,4,6,2,11,6
47,4925984,USA MLS,2023,2023-03-18 20:30:00,0,New York City,DC United,2,0,2,3,2,5,"['17', '37', '88']","['46', '90']",5,5,10,2.12,2.35,5.1,1.3,3.4,2.45,1.52,6.0,1.12,1.58,3.65,4.45,1.02,15.0,1.2,4.33,1.78,1.92,1.73,2.04,1.16,1.23,2.3,3.0,0.0,2.6,1.14,1.74,1.44,3.18,1.55,8.5,2.91,1.25,1.57,1.83,2.38,3.28,7,5,2,5,9,10
48,4925985,USA MLS,2023,2023-03-18 20:30:00,0,Orlando City,Charlotte,0,2,2,1,2,3,['57'],"['26', '37']",5,3,8,2.65,2.2,4.0,1.4,3.0,2.85,1.4,7.0,1.08,1.93,3.3,3.25,1.04,12.0,1.3,3.5,1.88,1.82,1.75,2.0,1.3,1.25,1.83,2.0,0.0,1.14,1.17,0.89,0.94,1.83,1.75,8.0,2.44,1.27,1.55,1.9,2.3,3.42,8,5,8,3,16,8
49,4925986,USA MLS,2023,2023-03-18 20:30:00,0,Toronto,Inter Miami,0,0,0,2,0,2,"['48', '69']",[],5,4,9,2.5,2.26,4.0,1.33,3.16,2.52,1.49,6.05,1.11,1.93,3.35,3.2,1.04,8.5,1.2,3.92,1.77,1.93,1.63,2.19,1.3,1.28,1.82,1.0,0.0,1.43,0.5,1.01,1.03,2.04,1.59,8.5,2.78,1.26,1.5,1.8,2.25,3.34,7,4,5,4,12,8
50,4925987,USA MLS,2023,2023-03-18 21:30:00,0,Chicago Fire,FC Cincinnati,2,1,3,3,3,6,"['32', '45', '46']","['8', '84', '87']",8,6,14,2.95,2.1,3.2,1.35,2.95,2.5,1.46,6.25,1.1,2.33,3.2,2.58,1.04,12.0,1.25,3.75,1.85,1.85,1.61,2.15,1.43,1.3,1.52,1.0,1.0,1.5,1.2,0.99,1.37,2.36,1.75,8.0,2.44,1.24,1.55,1.85,2.3,3.2,5,10,3,4,8,14
51,4925988,USA MLS,2023,2023-03-18 21:30:00,0,FC Dallas,Sporting KC,0,1,1,2,1,3,"['55', '84']",['11'],7,4,11,2.5,2.23,4.2,1.3,3.0,2.8,1.38,7.5,1.08,1.85,3.3,3.5,1.02,9.5,1.25,3.65,1.91,1.79,1.76,2.02,1.27,1.3,1.89,1.5,0.5,2.0,0.67,1.33,1.9,3.23,1.85,8.0,2.28,1.23,1.55,1.93,2.3,3.08,4,4,4,5,8,9
52,4925989,USA MLS,2023,2023-03-18 21:30:00,0,Houston Dynamo,Austin,0,0,0,2,0,2,"['71', '86']",[],7,4,11,2.85,2.3,3.3,1.25,3.4,2.43,1.46,6.25,1.11,2.3,3.4,2.5,1.03,15.0,1.2,4.7,1.65,2.1,1.54,2.4,1.44,1.3,1.62,0.0,3.0,2.17,1.17,0.0,1.21,1.21,1.91,8.0,2.2,1.16,1.43,1.67,2.05,2.6,8,6,2,2,10,8
53,4925990,USA MLS,2023,2023-03-18 21:30:00,0,St. Louis City,SJ Earthquakes,2,0,2,3,0,3,"['34', '45+3', '68']",[],8,5,13,2.7,2.25,3.7,1.28,3.2,2.55,1.41,6.75,1.09,1.81,3.5,3.45,1.03,12.0,1.21,4.1,1.71,2.01,1.61,2.25,1.35,1.3,1.73,3.0,0.0,2.0,0.29,1.38,1.44,2.82,1.57,8.1,3.08,1.22,1.44,1.8,2.27,3.04,9,3,5,8,14,11
54,4925991,USA MLS,2023,2023-03-18 22:30:00,0,Colorado Rapids,Minnesota United,0,0,0,1,2,3,['49'],"['54', '82']",3,3,6,2.75,2.2,4.0,1.36,3.0,2.75,1.4,7.0,1.1,1.93,3.25,3.3,1.05,9.0,1.25,3.6,1.89,1.81,1.67,2.1,1.3,1.25,1.75,1.0,3.0,0.5,1.5,1.46,1.21,2.67,1.64,8.5,2.66,1.17,1.48,1.73,2.1,2.7,4,3,5,7,9,10
55,4925992,USA MLS,2023,2023-03-18 23:30:00,0,LA Galaxy,Vancouver Whitecaps,1,1,2,1,1,2,['45+4'],['14'],13,4,17,2.2,2.4,4.75,1.29,3.5,2.38,1.53,6.0,1.13,1.62,3.75,4.1,1.03,12.5,1.19,4.2,1.58,2.22,1.62,2.2,1.19,1.23,2.15,0.0,0.0,1.17,0.5,0.0,0.91,0.91,1.45,9.0,3.3,1.16,1.43,1.67,2.05,2.6,7,3,9,8,16,11
56,4925993,USA MLS,2023,2023-03-25 17:30:00,0,Portland Timbers,LA Galaxy,0,0,0,0,0,0,[],[],2,5,7,2.77,2.26,3.56,1.32,3.22,2.49,1.5,5.9,1.11,2.31,3.65,2.91,1.04,15.5,1.22,4.4,1.75,1.95,1.58,2.32,1.39,1.28,1.64,1.5,0.5,1.57,0.29,1.23,1.12,2.35,2.08,7.6,2.08,1.2,1.48,1.73,2.1,2.7,2,5,4,6,6,11
57,4925998,USA MLS,2023,2023-03-25 20:30:00,0,Philadelphia Union,Orlando City,1,2,3,1,2,3,['17'],"['2', '9']",7,4,11,2.25,2.25,4.7,1.35,3.05,2.64,1.45,6.45,1.1,1.53,4.0,6.0,1.05,13.25,1.26,3.93,1.86,2.02,1.78,2.0,1.22,1.27,2.05,3.0,1.0,2.0,1.83,1.5,1.1,2.6,1.75,8.0,2.52,1.29,1.62,2.0,2.5,3.75,7,5,13,4,20,9
58,4925996,USA MLS,2023,2023-03-25 20:30:00,0,DC United,New England Revolution,1,0,1,1,2,3,['45'],"['63', '88']",8,4,12,2.8,2.22,3.6,1.34,3.1,2.58,1.47,6.25,1.1,2.4,3.4,2.75,1.0,10.25,1.22,3.72,1.94,1.94,1.63,2.22,1.39,1.29,1.63,2.0,1.5,1.57,1.43,1.59,1.26,2.85,1.59,8.5,2.78,1.2,1.48,1.73,2.1,2.7,8,6,3,7,11,13
59,4925997,USA MLS,2023,2023-03-25 20:30:00,0,Inter Miami,Chicago Fire,1,2,3,2,3,5,"['45+3', '76']","['30', '38', '90+2']",4,4,8,2.52,2.19,4.32,1.37,2.96,2.71,1.43,6.75,1.09,1.95,3.5,3.7,1.05,11.75,1.3,3.6,1.85,2.03,1.73,2.06,1.28,1.28,1.84,3.0,0.0,1.71,0.6,1.52,1.1,2.62,1.85,8.0,2.28,1.24,1.55,1.9,2.3,3.3,8,6,1,8,9,14
60,4925994,USA MLS,2023,2023-03-25 20:30:00,0,Charlotte,New York RB,0,1,1,1,1,2,['74'],['43'],4,1,5,3.18,2.04,3.48,1.45,2.64,3.1,1.34,8.2,1.06,2.6,3.2,2.7,1.08,9.25,1.38,3.07,2.02,1.81,1.87,1.89,1.44,1.33,1.51,0.0,0.5,1.38,0.57,1.6,1.76,3.36,1.85,8.0,2.28,1.24,1.55,1.9,2.3,3.3,2,7,3,3,5,10
61,4925995,USA MLS,2023,2023-03-25 20:30:00,0,Columbus Crew,Atlanta United FC,1,0,1,6,1,7,"['14', '47', '51', '64', '68', '90+1']",['71'],8,2,10,3.08,2.19,3.24,1.36,3.0,2.68,1.44,6.6,1.09,2.0,3.5,3.5,1.05,9.75,1.26,3.5,1.88,2.0,1.67,2.14,1.48,1.3,1.51,3.0,3.0,2.0,0.86,1.31,1.21,2.52,2.19,7.6,1.98,1.2,1.48,1.73,2.1,2.7,7,2,4,0,11,2
62,4925999,USA MLS,2023,2023-03-25 21:30:00,0,Austin,Colorado Rapids,1,0,1,1,1,2,['5'],['85'],3,12,15,2.24,2.47,5.32,1.3,3.4,2.45,1.52,6.0,1.12,1.62,4.0,5.0,1.03,15.75,1.2,4.0,1.83,2.05,1.7,2.1,1.15,1.17,2.25,1.5,0.0,1.29,1.13,1.34,0.93,2.27,1.38,8.0,3.75,1.2,1.39,1.75,2.2,3.0,4,9,4,8,8,17
63,4926000,USA MLS,2023,2023-03-25 21:30:00,0,Houston Dynamo,New York City,0,0,0,1,0,1,['55'],[],1,5,6,3.1,2.15,3.2,1.4,3.0,2.75,1.42,6.5,1.09,2.6,3.25,2.62,1.04,11.0,1.28,3.75,1.88,2.0,1.66,2.15,1.47,1.28,1.5,3.0,0.5,2.17,0.38,1.56,1.08,2.64,1.8,6.0,2.3,1.21,1.41,1.73,2.25,3.1,3,2,6,2,9,4
64,4926001,USA MLS,2023,2023-03-25 21:30:00,0,Sporting KC,Seattle Sounders,1,1,2,1,4,5,['5'],"['23', '54', '69', '77']",3,3,6,3.11,2.28,3.6,1.39,2.8,2.92,1.41,6.75,1.09,2.38,3.3,2.9,1.02,9.5,1.28,3.6,1.93,1.95,1.68,2.05,1.4,1.32,1.45,1.0,0.0,0.8,1.43,2.67,1.05,3.72,1.58,6.25,2.9,1.27,1.5,1.83,2.45,3.4,4,8,2,2,6,10
65,4926002,USA MLS,2023,2023-03-25 21:30:00,0,Minnesota United,Vancouver Whitecaps,1,0,1,1,1,2,['40'],['90+8'],2,10,12,2.46,2.35,4.15,1.36,3.27,2.78,1.47,5.75,1.1,2.0,3.4,3.6,1.03,13.0,1.25,3.6,1.67,2.0,1.66,2.14,1.28,1.28,1.85,1.0,0.5,1.2,0.5,1.14,1.08,2.22,1.62,6.25,2.75,1.15,1.31,1.59,1.95,2.4,3,6,3,14,6,20
66,4926003,USA MLS,2023,2023-03-25 21:30:00,0,Nashville SC,FC Cincinnati,0,0,0,0,1,1,[],['48'],3,2,5,2.76,2.09,4.41,1.41,2.9,2.9,1.37,8.25,1.07,1.95,3.3,3.9,1.05,10.0,1.3,3.2,2.03,1.85,1.83,2.0,1.29,1.33,1.85,3.0,1.0,2.13,1.2,1.3,1.63,2.93,1.39,6.5,3.6,1.21,1.39,1.78,2.19,3.0,4,8,8,5,12,13
67,4926004,USA MLS,2023,2023-03-25 22:30:00,0,Real Salt Lake,St. Louis City,0,0,0,0,4,4,[],"['47', '61', '66', '76']",9,4,13,2.56,2.17,4.0,1.36,2.9,2.55,1.44,6.25,1.1,2.3,3.5,2.88,1.05,9.75,1.25,3.6,1.6,2.1,1.65,2.1,1.28,1.29,1.75,0.0,3.0,1.14,1.67,1.9,1.6,3.5,1.53,8.2,3.22,1.22,1.44,1.8,2.27,3.04,9,9,3,3,12,12
68,4926005,USA MLS,2023,2023-03-25 23:30:00,0,Los Angeles FC,FC Dallas,1,0,1,2,1,3,"['3', '84']",['73'],7,0,7,2.2,2.28,4.8,1.3,3.2,2.5,1.45,6.0,1.11,1.6,3.9,5.5,1.02,15.0,1.22,4.2,1.61,2.05,1.78,2.01,1.15,1.18,2.35,3.0,1.0,2.67,1.33,1.85,1.35,3.2,1.44,9.1,3.54,1.18,1.35,1.63,2.1,2.8,7,4,10,2,17,6
69,4926006,USA MLS,2023,2023-03-25 23:30:00,0,SJ Earthquakes,Toronto,0,0,0,0,0,0,[],[],6,3,9,2.44,2.21,4.2,1.34,3.4,2.67,1.51,6.0,1.11,1.91,3.6,3.7,1.0,11.0,1.18,4.2,1.67,2.0,1.66,2.18,1.22,1.26,2.02,3.0,0.5,2.67,0.43,1.67,0.97,2.64,1.49,8.9,3.3,1.2,1.39,1.7,2.2,2.95,3,3,11,6,14,9
70,4926014,USA MLS,2023,2023-04-01 20:30:00,0,Toronto,Charlotte,2,0,2,2,2,4,"['6', '44']","['50', '70']",10,7,17,2.63,2.25,3.75,1.33,3.25,2.63,1.44,6.5,1.11,2.1,3.6,3.4,1.03,13.0,1.2,3.95,1.8,2.0,1.62,2.2,1.3,1.3,1.67,2.0,1.5,1.43,1.17,1.3,1.07,2.37,1.74,5.75,2.5,1.22,1.42,1.75,2.25,3.1,6,5,1,6,7,11
71,4926012,USA MLS,2023,2023-04-01 20:30:00,0,Orlando City,Nashville SC,0,1,1,0,2,2,[],"['28', '74']",10,2,12,3.1,2.1,3.5,1.44,2.63,3.0,1.36,9.0,1.07,2.48,3.4,2.85,1.06,10.0,1.29,3.15,2.01,1.81,1.8,1.95,1.3,1.35,1.52,1.33,0.5,1.14,1.33,1.24,0.93,2.17,1.8,6.0,2.4,1.29,1.55,1.95,2.65,3.75,7,4,6,3,13,7
72,4926011,USA MLS,2023,2023-04-01 20:30:00,0,New England Revolution,New York City,0,0,0,1,1,2,['70'],['80'],4,9,13,2.75,2.2,3.75,1.4,2.75,2.75,1.4,8.0,1.08,2.18,3.4,3.35,1.05,11.0,1.3,3.45,1.93,1.88,1.75,2.0,1.29,1.25,1.7,3.0,0.33,2.33,0.38,1.3,0.95,2.25,1.64,6.0,2.65,1.22,1.42,1.75,2.25,3.1,4,4,4,6,8,10
73,4926010,USA MLS,2023,2023-04-01 20:30:00,0,LA Galaxy,Seattle Sounders,0,2,2,1,2,3,['63'],"['21', '35']",13,2,15,2.75,2.25,3.6,1.33,3.25,2.63,1.44,6.5,1.11,2.12,3.6,3.35,1.03,13.0,1.2,4.0,1.8,2.0,1.62,2.2,1.37,1.3,1.7,1.0,1.5,1.17,1.43,1.99,1.25,3.24,1.44,6.5,3.25,1.2,1.38,1.68,2.15,2.95,9,4,9,2,18,6
74,4926009,USA MLS,2023,2023-04-01 20:30:00,0,Columbus Crew,Real Salt Lake,2,0,2,4,0,4,"['14', '41', '53', '90+3']",[],4,2,6,2.4,2.3,4.33,1.33,3.25,2.63,1.44,6.5,1.11,2.05,3.6,3.5,1.04,15.0,1.22,3.85,1.8,2.0,1.7,2.05,1.23,1.26,1.9,3.0,1.5,2.0,1.17,1.48,1.28,2.76,1.4,6.75,3.4,1.2,1.39,1.68,2.2,2.95,7,6,7,1,14,7
75,4926008,USA MLS,2023,2023-04-01 20:30:00,0,FC Cincinnati,Inter Miami,1,0,1,1,0,1,['45+5'],[],4,4,8,2.25,2.3,5.0,1.33,3.25,2.63,1.44,6.5,1.11,1.77,3.95,4.3,1.03,13.0,1.19,4.0,1.75,2.05,1.75,2.0,1.17,1.24,1.97,3.0,0.0,3.0,0.5,1.31,1.06,2.37,1.41,6.5,3.55,1.25,1.47,1.83,2.45,3.4,5,4,4,4,9,8
76,4926007,USA MLS,2023,2023-04-01 20:30:00,0,Atlanta United FC,New York RB,1,0,1,1,0,1,['7'],[],3,5,8,2.63,2.2,4.0,1.4,2.75,2.75,1.4,8.0,1.08,2.12,3.5,3.45,1.04,13.0,1.28,3.6,1.87,1.94,1.75,2.0,1.3,1.25,1.8,2.33,0.67,2.29,0.57,2.05,1.6,3.65,1.45,6.5,3.25,1.2,1.38,1.68,2.15,2.95,5,3,3,12,8,15
77,4926015,USA MLS,2023,2023-04-01 21:30:00,0,Chicago Fire,DC United,0,0,0,0,0,0,[],[],9,3,12,2.51,2.12,4.35,1.36,3.0,2.75,1.4,7.0,1.1,1.88,3.6,4.1,1.05,9.6,1.27,3.8,1.91,1.97,1.79,2.0,1.23,1.22,1.96,1.0,0.0,1.5,1.14,1.12,1.39,2.51,1.51,6.0,3.1,1.25,1.47,1.83,2.45,3.4,3,4,5,5,8,9
78,4926016,USA MLS,2023,2023-04-01 21:30:00,0,FC Dallas,Portland Timbers,0,0,0,1,1,2,['74'],['90+1'],11,2,13,2.31,2.22,4.6,1.33,3.14,2.58,1.47,6.2,1.1,1.69,3.95,4.9,1.0,10.5,1.23,3.75,1.8,2.0,1.78,1.97,1.17,1.23,2.15,2.0,0.0,2.0,0.71,1.27,1.19,2.46,1.32,7.0,4.25,1.2,1.39,1.7,2.2,2.95,7,3,6,1,13,4
79,4926017,USA MLS,2023,2023-04-01 21:30:00,0,St. Louis City,Minnesota United,0,0,0,0,1,1,[],['78'],4,4,8,2.3,2.33,4.4,1.35,3.22,2.63,1.51,6.4,1.1,1.92,3.75,3.8,1.04,15.0,1.22,4.5,1.7,2.1,1.65,2.18,1.23,1.27,2.06,3.0,3.0,2.0,1.5,1.69,1.19,2.88,1.42,8.0,3.5,1.22,1.42,1.75,2.3,3.1,4,2,11,6,15,8
80,4926013,USA MLS,2023,2023-04-01 21:40:00,0,Philadelphia Union,Sporting KC,0,0,0,0,0,0,[],[],3,8,11,2.2,2.3,5.5,1.36,3.0,2.63,1.44,7.0,1.1,1.61,4.1,5.4,1.03,13.0,1.25,3.75,1.83,1.98,1.91,1.91,1.12,1.2,2.18,2.0,0.33,2.0,0.67,1.74,1.66,3.4,1.39,6.5,3.55,1.27,1.5,1.88,2.5,3.5,5,5,8,5,13,10
81,4926018,USA MLS,2023,2023-04-01 22:30:00,0,Colorado Rapids,Los Angeles FC,0,0,0,0,0,0,[],[],10,3,13,3.7,2.25,2.65,1.26,3.25,2.55,1.47,6.4,1.1,3.2,3.55,2.19,1.04,14.0,1.19,4.35,1.7,2.1,1.56,2.35,1.73,1.3,1.35,0.5,1.0,0.5,1.5,1.36,1.22,2.58,2.3,6.0,1.83,1.2,1.38,1.68,2.15,2.95,5,3,4,7,9,10
82,4926019,USA MLS,2023,2023-04-01 23:30:00,0,SJ Earthquakes,Houston Dynamo,1,1,2,2,1,3,"['7', '65']",['42'],5,2,7,2.49,2.2,4.1,1.33,3.25,2.6,1.47,6.0,1.11,1.87,3.75,4.0,1.03,13.0,1.22,4.0,1.8,2.0,1.68,2.15,1.22,1.22,2.0,2.33,0.0,2.67,0.33,1.68,1.78,3.46,1.3,6.75,4.15,1.22,1.33,1.6,2.05,2.7,4,4,5,1,9,5
83,4926020,USA MLS,2023,2023-04-01 23:30:00,0,Vancouver Whitecaps,Montreal Impact,3,0,3,5,0,5,"['38', '43', '45', '48', '59']",[],6,1,7,2.78,2.14,3.65,1.3,3.2,2.65,1.43,7.0,1.09,2.16,3.5,3.3,1.03,11.0,1.24,4.1,1.8,2.0,1.62,2.23,1.36,1.32,1.71,0.5,0.0,2.0,0.38,1.84,1.3,3.14,1.68,6.0,2.6,1.22,1.42,1.75,2.25,3.1,10,0,11,4,21,4
84,4926027,USA MLS,2023,2023-04-08 20:30:00,0,New York City,Atlanta United FC,0,0,0,1,1,2,['72'],['70'],4,5,9,2.5,2.2,4.0,1.35,2.95,2.6,1.42,6.75,1.1,2.0,3.6,3.6,1.05,13.25,1.26,3.85,1.78,2.0,1.72,2.1,1.28,1.3,1.82,3.0,1.5,2.6,0.86,1.58,0.82,2.4,1.57,6.0,2.85,1.21,1.4,1.71,2.2,3.0,5,4,6,4,11,8
85,4926025,USA MLS,2023,2023-04-08 20:30:00,0,New England Revolution,Montreal Impact,2,0,2,4,0,4,"['21', '45+4', '50', '86']",[],6,2,8,2.6,2.2,4.2,1.37,2.85,2.75,1.4,5.8,1.1,1.67,3.9,4.75,1.02,9.5,1.28,3.6,1.75,2.05,1.75,2.05,1.28,1.25,1.87,2.33,0.0,2.33,0.38,1.24,1.09,2.33,1.54,6.5,2.9,1.22,1.42,1.8,2.3,3.1,10,4,7,3,17,7
86,4926024,USA MLS,2023,2023-04-08 20:30:00,0,Inter Miami,FC Dallas,0,1,1,0,1,1,[],['27'],5,2,7,2.8,2.05,3.5,1.39,2.75,2.75,1.39,7.25,1.08,2.3,3.4,3.0,1.05,9.0,1.29,3.3,1.95,1.83,1.72,1.98,1.36,1.3,1.61,2.0,0.5,1.71,1.33,1.49,1.11,2.6,1.8,5.75,2.45,1.25,1.47,1.85,2.4,3.4,4,9,6,6,10,15
87,4926026,USA MLS,2023,2023-04-08 20:30:00,0,New York RB,SJ Earthquakes,0,0,0,1,1,2,['90+17'],['80'],5,4,9,2.25,2.15,4.8,1.38,2.85,2.7,1.4,7.25,1.09,1.67,3.7,5.25,1.05,12.0,1.29,3.62,2.0,1.78,1.85,1.9,1.2,1.27,2.05,2.0,0.0,1.71,0.29,1.29,1.37,2.66,1.3,7.0,4.35,1.25,1.47,1.9,2.45,3.4,6,4,7,3,13,7
88,4926022,USA MLS,2023,2023-04-08 20:30:00,0,DC United,Columbus Crew,0,1,1,0,2,2,[],"['39', '47']",2,4,6,3.15,2.1,3.1,1.4,3.0,2.8,1.4,7.0,1.08,2.6,3.4,2.63,1.05,12.25,1.29,3.67,1.9,1.87,1.72,2.1,1.5,1.32,1.48,1.33,0.33,1.57,0.67,1.59,1.24,2.83,1.95,5.75,2.2,1.26,1.5,2.0,2.5,3.5,6,6,6,3,12,9
89,4926021,USA MLS,2023,2023-04-08 20:30:00,0,FC Cincinnati,Philadelphia Union,0,0,0,1,0,1,['69'],[],1,4,5,2.75,2.2,3.4,1.36,3.1,2.65,1.45,6.5,1.1,2.0,3.6,3.5,1.04,13.75,1.24,4.13,1.75,2.05,1.62,2.2,1.36,1.33,1.55,3.0,0.0,3.0,1.17,1.26,1.53,2.79,1.68,6.0,2.55,1.22,1.42,1.83,2.25,3.1,3,5,4,4,7,9
90,4926023,USA MLS,2023,2023-04-08 20:30:00,0,Los Angeles FC,Austin,1,0,1,3,0,3,"['40', '57', '68']",[],10,3,13,2.1,2.5,5.0,1.28,3.5,2.3,1.55,5.25,1.14,1.44,4.75,6.5,1.03,18.75,1.18,4.88,1.53,2.2,1.68,2.15,1.12,1.2,2.45,3.0,1.5,2.67,1.17,1.97,1.22,3.19,1.23,7.5,5.25,1.14,1.34,1.6,2.05,2.7,7,5,12,5,19,10
91,4926028,USA MLS,2023,2023-04-08 21:30:00,0,Chicago Fire,Minnesota United,2,0,2,2,1,3,"['24', '36']",['57'],4,5,9,2.4,2.25,4.33,1.36,3.0,2.63,1.44,7.0,1.1,2.05,3.5,3.5,1.05,13.25,1.26,3.93,1.83,1.95,1.7,2.05,1.22,1.22,1.95,1.0,3.0,1.5,1.5,1.11,1.13,2.24,1.4,6.5,3.5,1.21,1.4,1.71,2.2,3.0,3,7,8,1,11,8
92,4926029,USA MLS,2023,2023-04-08 21:30:00,0,Houston Dynamo,LA Galaxy,1,0,1,3,0,3,"['35', '65', '73']",[],9,6,15,3.0,2.25,3.4,1.33,3.25,2.63,1.44,7.0,1.1,2.3,3.5,2.9,1.04,12.0,1.25,3.6,1.67,2.15,1.62,2.2,1.42,1.3,1.53,3.0,0.67,2.17,0.29,1.29,1.23,2.52,2.0,6.0,2.15,1.2,1.4,1.71,2.2,3.0,4,4,5,2,9,6
93,4926030,USA MLS,2023,2023-04-08 21:30:00,0,Sporting KC,Colorado Rapids,0,0,0,0,1,1,[],['68'],8,4,12,2.4,2.3,4.33,1.33,3.25,2.63,1.44,6.5,1.11,1.75,3.8,4.33,1.03,13.0,1.22,4.0,1.7,2.1,1.67,2.1,1.25,1.28,1.9,0.5,0.33,0.8,1.13,1.87,1.36,3.23,1.37,6.5,3.65,1.26,1.5,1.98,2.5,3.5,3,3,6,2,9,5
94,4926031,USA MLS,2023,2023-04-08 21:30:00,0,Nashville SC,Toronto,0,0,0,0,0,0,[],[],2,5,7,2.25,2.3,5.0,1.33,3.25,2.63,1.44,6.5,1.11,1.67,3.8,5.0,1.03,15.0,1.22,4.0,1.85,1.93,1.75,2.0,1.18,1.2,2.25,2.0,0.67,2.13,0.43,1.36,1.0,2.36,1.25,7.25,4.85,1.25,1.47,1.9,2.45,3.4,4,4,3,5,7,9
95,4926032,USA MLS,2023,2023-04-08 22:30:00,0,Real Salt Lake,Charlotte,0,1,1,3,1,4,"['56', '59', '62']",['27'],3,5,8,2.6,2.25,4.0,1.33,3.25,2.63,1.44,6.5,1.11,2.0,3.6,3.5,1.01,11.0,1.25,3.75,1.78,2.0,1.67,2.1,1.3,1.27,1.65,0.0,1.33,1.14,1.17,1.86,1.18,3.04,1.45,7.0,3.1,1.21,1.4,1.71,2.2,3.0,11,7,7,4,18,11
96,4926033,USA MLS,2023,2023-04-08 23:30:00,0,Seattle Sounders,St. Louis City,0,0,0,3,0,3,"['65', '71', '89']",[],8,3,11,2.25,2.38,4.75,1.33,3.25,2.5,1.5,6.5,1.11,2.25,3.68,2.95,1.01,12.0,1.17,4.3,1.65,2.25,1.7,2.05,1.18,1.25,2.2,2.33,3.0,1.86,1.67,1.83,1.64,3.47,1.47,7.8,3.54,1.27,1.49,1.82,2.33,3.1,7,3,4,6,11,9
97,4926034,USA MLS,2023,2023-04-08 23:30:00,0,Vancouver Whitecaps,Portland Timbers,0,0,0,1,0,1,['74'],[],12,1,13,2.5,2.3,4.0,1.3,3.4,2.5,1.5,6.0,1.13,1.94,3.82,3.6,1.02,15.0,1.2,4.33,1.72,2.1,1.62,2.2,1.28,1.22,1.87,1.33,0.33,2.0,0.71,2.05,1.03,3.08,1.34,7.0,3.75,1.21,1.4,1.71,2.2,3.0,10,0,3,2,13,2
98,4926039,USA MLS,2023,2023-04-15 20:30:00,0,New York City,Nashville SC,2,0,2,2,1,3,"['11', '25']",['81'],3,7,10,2.6,2.05,4.33,1.42,2.62,2.9,1.36,6.5,1.08,1.97,3.5,3.7,1.05,8.0,1.33,3.0,2.1,1.67,1.85,1.85,1.3,1.3,1.78,2.33,1.33,2.6,1.33,1.49,0.94,2.43,1.53,7.5,3.05,1.27,1.5,1.9,2.45,3.4,7,7,4,3,11,10
99,4926037,USA MLS,2023,2023-04-15 20:30:00,0,Montreal Impact,DC United,0,0,0,0,1,1,[],['46'],3,3,6,2.35,2.2,4.2,1.36,2.95,2.6,1.42,6.75,1.1,1.81,3.8,4.0,1.05,13.0,1.27,3.85,1.77,1.96,1.75,2.05,1.25,1.3,1.88,3.0,0.33,2.4,1.14,1.48,1.35,2.83,1.43,8.0,3.5,1.26,1.48,1.88,2.43,3.3,3,3,5,4,8,7
100,4926040,USA MLS,2023,2023-04-15 20:30:00,0,Toronto,Atlanta United FC,1,1,2,2,2,4,"['43', '90+4']","['4', '76']",7,3,10,3.1,2.15,3.2,1.36,2.9,2.6,1.44,5.75,1.1,2.55,3.15,2.85,1.05,9.75,1.25,3.6,1.77,1.97,1.57,2.25,1.44,1.3,1.53,1.67,1.33,1.43,0.86,1.25,0.91,2.16,1.78,7.5,2.4,1.2,1.38,1.67,2.12,2.85,5,6,2,3,7,9
101,4926035,USA MLS,2023,2023-04-15 20:30:00,0,Charlotte,Colorado Rapids,0,0,0,2,2,4,"['62', '65']","['54', '90+1']",5,4,9,2.55,2.2,3.8,1.35,3.05,2.5,1.48,6.25,1.11,2.02,3.5,3.5,1.04,14.0,1.24,4.13,1.7,2.06,1.65,2.2,1.3,1.3,1.78,0.33,1.0,1.38,1.13,1.34,1.22,2.56,1.53,7.5,3.05,1.27,1.5,1.9,2.45,3.4,4,7,9,4,13,11
102,4926036,USA MLS,2023,2023-04-15 20:30:00,0,Columbus Crew,New England Revolution,0,0,0,1,1,2,['90+8'],['58'],5,5,10,2.4,2.15,4.2,1.36,2.9,2.62,1.42,5.5,1.11,2.0,3.3,3.8,1.04,13.5,1.25,3.6,1.84,1.89,1.7,2.05,1.25,1.33,1.83,3.0,2.0,2.0,1.43,1.63,1.36,2.99,1.52,7.5,3.05,1.22,1.42,1.74,2.23,3.0,8,9,7,6,15,15
103,4926038,USA MLS,2023,2023-04-15 21:11:00,0,New York RB,Houston Dynamo,0,0,0,1,1,2,['89'],['67'],10,0,10,2.15,2.2,5.5,1.38,2.8,2.7,1.4,6.0,1.09,1.64,3.7,5.4,1.05,9.0,1.29,3.3,1.93,1.8,1.85,1.85,1.17,1.29,2.15,1.67,0.0,1.71,0.33,1.41,1.51,2.92,1.36,8.0,4.3,1.26,1.5,1.93,2.41,3.2,8,3,5,1,13,4
104,4926041,USA MLS,2023,2023-04-15 21:30:00,0,Austin,Vancouver Whitecaps,0,0,0,0,0,0,[],[],6,2,8,2.64,2.4,4.09,1.32,3.15,2.65,1.51,6.0,1.12,1.92,3.75,3.6,1.01,11.0,1.22,4.3,1.67,2.1,1.62,2.25,1.28,1.22,1.87,1.33,0.67,1.29,0.5,1.29,1.46,2.75,1.46,8.0,3.3,1.17,1.32,1.58,2.0,2.6,8,5,8,9,16,14
105,4926042,USA MLS,2023,2023-04-15 21:30:00,0,Chicago Fire,Philadelphia Union,1,0,1,2,2,4,"['19', '47']","['62', '65']",4,2,6,3.44,2.28,3.23,1.39,3.13,2.9,1.44,6.5,1.09,2.75,3.3,2.5,1.02,9.5,1.25,3.5,1.83,1.9,1.66,2.14,1.47,1.32,1.37,1.5,0.0,1.5,1.17,1.15,1.42,2.57,1.98,6.85,2.26,1.23,1.46,1.83,2.32,3.08,3,5,8,7,11,12
106,4926043,USA MLS,2023,2023-04-15 21:30:00,0,FC Dallas,Real Salt Lake,1,0,1,2,1,3,"['5', '88']",['68'],1,3,4,2.38,2.15,4.65,1.38,3.0,2.63,1.44,7.0,1.1,1.7,3.8,4.75,1.04,10.0,1.25,3.85,1.79,1.94,1.78,1.95,1.18,1.25,2.05,1.75,1.0,2.0,1.17,1.38,1.24,2.62,1.38,8.0,4.1,1.21,1.48,1.73,2.1,2.7,3,6,0,7,3,13
107,4926044,USA MLS,2023,2023-04-15 21:30:00,0,Minnesota United,Orlando City,0,0,0,1,2,3,['58'],"['66', '88']",8,6,14,2.85,2.09,3.7,1.38,2.85,2.75,1.4,7.25,1.09,2.1,3.5,3.3,1.05,11.75,1.29,3.65,1.88,1.84,1.72,2.1,1.35,1.32,1.65,1.0,2.0,1.2,1.83,1.02,1.18,2.2,1.52,7.5,3.05,1.24,1.44,1.8,2.3,3.1,5,3,9,5,14,8
108,4926046,USA MLS,2023,2023-04-15 23:30:00,0,Portland Timbers,Seattle Sounders,0,0,0,4,1,5,"['71', '76', '81', '89']",['58'],3,7,10,3.45,2.14,2.91,1.36,3.1,2.6,1.47,6.0,1.11,2.8,3.65,2.32,1.04,13.0,1.22,4.0,1.72,2.02,1.57,2.25,1.57,1.25,1.44,1.33,2.0,1.57,1.43,1.13,1.12,2.25,2.13,6.65,2.11,1.19,1.38,1.67,2.09,2.71,9,6,5,6,14,12
109,4926047,USA MLS,2023,2023-04-15 23:30:00,0,SJ Earthquakes,Sporting KC,2,0,2,3,0,3,"['9', '40', '51']",[],4,3,7,2.69,2.14,3.85,1.38,3.0,2.7,1.44,6.5,1.09,2.17,3.3,3.3,1.04,12.0,1.25,3.75,1.78,1.95,1.68,2.15,1.33,1.25,1.72,2.5,0.5,2.67,0.67,1.56,1.56,3.12,1.63,7.2,2.94,1.23,1.46,1.8,2.29,3.04,7,4,3,2,10,6
110,4926045,USA MLS,2023,2023-04-15 23:49:00,0,St. Louis City,FC Cincinnati,3,0,3,5,1,6,"['3', '39', '45+2', '53', '57']",['62'],3,5,8,3.05,2.21,3.2,1.35,3.05,2.61,1.46,6.3,1.1,2.3,3.45,2.95,1.01,10.25,1.22,3.72,1.74,2.0,1.63,2.19,1.49,1.3,1.51,2.0,1.67,2.0,1.2,1.69,1.61,3.3,1.71,7.0,2.55,1.24,1.44,1.8,2.3,3.15,8,6,4,3,12,9
111,4926048,USA MLS,2023,2023-04-16 17:30:00,0,LA Galaxy,Los Angeles FC,1,1,2,2,3,5,"['41', '84']","['22', '68', '70']",9,8,17,3.2,2.25,2.7,1.33,3.3,2.45,1.52,5.5,1.12,2.84,3.7,2.33,1.03,15.0,1.2,4.5,1.58,2.18,1.53,2.45,1.6,1.25,1.42,0.5,1.0,1.17,1.5,2.2,1.14,3.34,2.16,7.5,1.95,1.18,1.34,1.61,2.02,2.7,6,10,5,4,11,14
112,4926049,USA MLS,2023,2023-04-22 20:30:00,0,Charlotte,Columbus Crew,1,0,1,1,0,1,['37'],[],3,3,6,3.19,2.32,3.48,1.39,3.13,2.91,1.44,6.5,1.1,2.35,3.25,2.8,1.03,13.0,1.25,3.75,1.75,1.87,1.66,2.2,1.42,1.3,1.57,0.5,1.0,1.38,0.67,1.37,1.3,2.67,1.85,7.5,2.29,1.37,1.68,2.2,3.1,3.64,5,4,2,2,7,6
113,4926050,USA MLS,2023,2023-04-22 20:30:00,0,FC Cincinnati,Portland Timbers,1,0,1,2,1,3,"['34', '58']",['60'],4,8,12,2.15,2.3,5.5,1.35,3.35,2.71,1.49,6.0,1.11,1.53,3.9,5.5,1.04,10.5,1.23,3.75,1.67,2.0,1.78,1.9,1.14,1.2,2.4,3.0,0.25,3.0,0.71,1.17,0.85,2.02,1.37,9.0,3.7,1.23,1.43,1.8,2.3,3.2,7,5,6,7,13,12
114,4926051,USA MLS,2023,2023-04-22 20:30:00,0,Montreal Impact,New York RB,1,0,1,2,0,2,"['25', '90+2']",[],3,5,8,3.4,2.0,3.1,1.43,2.6,2.95,1.35,7.75,1.07,2.8,3.1,2.45,1.03,8.3,1.32,3.04,2.05,1.61,1.82,1.94,1.6,1.33,1.38,1.5,0.5,2.4,0.57,1.21,1.56,2.77,1.95,7.5,2.1,1.42,1.8,2.35,3.3,3.74,7,5,0,8,7,13
115,4926052,USA MLS,2023,2023-04-22 20:30:00,0,New England Revolution,Sporting KC,2,0,2,2,1,3,"['31', '35']",['50'],3,1,4,2.3,2.25,4.4,1.36,3.2,2.65,1.45,6.5,1.11,1.75,3.6,4.2,1.04,14.0,1.24,4.13,1.67,2.0,1.7,2.1,1.23,1.28,1.95,2.5,0.4,2.33,0.67,1.46,1.48,2.94,1.91,8.0,2.1,1.24,1.46,1.93,2.4,3.3,10,4,4,3,14,7
116,4926053,USA MLS,2023,2023-04-22 20:30:00,0,New York City,FC Dallas,1,0,1,3,1,4,"['44', '50', '55']",['77'],3,6,9,2.7,2.2,4.62,1.45,2.86,3.23,1.37,8.75,1.07,1.95,3.2,3.9,1.07,9.9,1.36,3.18,2.1,1.61,1.92,1.84,1.23,1.3,1.9,2.5,1.33,2.6,1.33,1.49,1.33,2.82,1.64,8.0,2.77,1.26,1.49,1.98,2.45,3.5,7,9,8,6,15,15
117,4926054,USA MLS,2023,2023-04-22 20:30:00,0,Orlando City,DC United,1,1,2,1,3,4,['23'],"['15', '52', '62']",9,3,12,2.57,2.36,4.41,1.36,3.27,2.76,1.48,6.5,1.09,1.91,3.4,3.7,1.04,12.0,1.28,3.75,1.75,1.87,1.72,2.05,1.28,1.25,1.87,1.0,1.0,1.14,1.14,1.38,1.25,2.63,1.69,7.5,2.64,1.47,2.0,2.5,3.6,4.44,6,6,4,3,10,9
118,4926055,USA MLS,2023,2023-04-22 20:30:00,0,Philadelphia Union,Toronto,3,0,3,4,2,6,"['16', '20', '43', '56']","['66', '90+2']",6,7,13,2.22,2.42,5.64,1.37,3.26,2.79,1.47,6.5,1.1,1.6,3.8,5.2,1.03,13.0,1.25,3.75,1.7,1.95,1.85,1.95,1.15,1.18,2.45,1.75,0.75,2.0,0.43,1.66,1.06,2.72,1.55,8.0,2.92,1.26,1.49,2.0,2.5,3.5,8,6,5,2,13,8
119,4926056,USA MLS,2023,2023-04-22 21:30:00,0,Houston Dynamo,Inter Miami,0,0,0,1,0,1,['72'],[],3,7,10,2.6,2.2,4.33,1.36,3.0,2.75,1.4,7.0,1.1,2.0,3.4,3.5,1.04,13.0,1.28,3.75,1.75,1.87,1.75,2.0,1.28,1.29,1.83,3.0,0.0,2.17,0.5,1.28,1.12,2.4,1.69,8.0,2.63,1.2,1.39,1.7,2.2,2.95,4,6,4,9,8,15
120,4926057,USA MLS,2023,2023-04-22 21:30:00,0,Nashville SC,Los Angeles FC,1,0,1,1,1,2,['35'],['59'],6,5,11,3.2,2.2,3.25,1.4,2.75,2.75,1.4,8.0,1.08,2.55,3.25,2.6,1.05,11.0,1.3,3.5,1.8,1.85,1.7,2.05,1.43,1.31,1.5,1.75,1.67,2.13,1.5,1.3,1.36,2.66,1.75,8.5,2.41,1.15,1.31,1.57,1.98,2.6,4,7,4,9,8,16
121,4926059,USA MLS,2023,2023-04-22 22:30:00,0,Real Salt Lake,SJ Earthquakes,1,0,1,3,1,4,"['39', '54', '80']",['49'],3,1,4,2.6,2.3,3.75,1.33,3.25,2.63,1.44,6.5,1.11,2.0,3.4,3.4,1.0,10.5,1.22,3.8,1.67,2.0,1.62,2.2,1.31,1.28,1.78,1.0,0.33,1.14,0.29,2.0,1.26,3.26,1.75,8.5,2.41,1.16,1.26,1.47,1.88,2.35,7,5,5,5,12,10
122,4926058,USA MLS,2023,2023-04-22 22:30:00,0,Colorado Rapids,St. Louis City,0,0,0,1,1,2,['90+2'],['57'],4,5,9,2.63,2.25,4.0,1.36,3.0,2.63,1.44,7.0,1.1,2.0,3.3,3.4,1.05,9.0,1.3,3.4,1.8,1.85,1.7,2.05,1.3,1.25,1.75,0.67,2.25,0.5,1.67,1.3,1.53,2.83,1.75,8.0,2.42,1.18,1.35,1.63,2.1,2.8,14,5,5,3,19,8
123,4926060,USA MLS,2023,2023-04-22 23:30:00,0,LA Galaxy,Austin,0,0,0,2,0,2,"['54', '64']",[],12,2,14,2.38,2.4,4.33,1.29,3.5,2.25,1.57,5.5,1.14,1.8,3.7,3.8,1.03,11.0,1.2,4.33,1.53,2.2,1.57,2.25,1.26,1.26,1.85,0.33,1.0,1.17,1.17,1.96,1.23,3.19,1.51,9.0,3.06,1.12,1.25,1.55,1.85,2.25,9,3,2,6,11,9
124,4926061,USA MLS,2023,2023-04-22 23:30:00,0,Seattle Sounders,Minnesota United,0,0,0,1,0,1,['79'],[],9,3,12,2.1,2.3,5.5,1.33,3.25,2.63,1.44,7.0,1.1,1.6,3.8,5.2,1.02,15.0,1.25,3.75,1.7,1.95,1.8,1.95,1.16,1.24,2.25,2.5,2.25,1.86,1.5,1.74,1.19,2.93,1.45,9.0,3.26,1.17,1.33,1.57,2.0,2.4,4,5,6,3,10,8
125,4926062,USA MLS,2023,2023-04-23 17:30:00,0,Atlanta United FC,Chicago Fire,1,0,1,2,1,3,"['13', '90+9']",['90'],4,5,9,2.2,2.38,5.0,1.33,3.25,2.5,1.5,6.5,1.11,1.56,3.7,4.59,1.04,10.0,1.25,3.75,1.66,2.12,1.75,2.0,1.17,1.23,2.2,2.5,1.5,2.29,0.6,1.8,1.33,3.13,1.48,9.7,3.24,1.21,1.42,1.75,2.19,2.88,5,6,4,7,9,13
126,4926063,USA MLS,2023,2023-04-29 14:30:00,0,Nashville SC,Atlanta United FC,1,0,1,3,1,4,"['36', '56', '90+1']",['72'],3,7,10,2.71,2.16,3.82,1.38,2.91,2.75,1.42,6.85,1.08,1.85,3.25,3.7,1.01,9.4,1.26,3.4,1.85,1.85,1.72,2.05,1.34,1.29,1.75,1.6,1.25,2.13,0.86,1.32,1.0,2.32,1.64,7.5,2.7,1.22,1.42,1.74,2.23,3.0,5,3,6,7,11,10
127,4926064,USA MLS,2023,2023-04-29 20:30:00,0,Columbus Crew,Inter Miami,1,2,3,1,2,3,['10'],"['7', '41']",10,5,15,2.2,2.2,4.75,1.35,2.9,2.6,1.43,6.5,1.1,1.62,4.0,5.25,1.03,13.0,1.25,3.75,1.78,2.0,1.8,1.88,1.18,1.25,2.15,2.5,0.0,2.0,0.5,1.75,1.26,3.01,1.35,8.0,3.95,1.29,1.53,1.95,2.55,3.5,9,6,6,2,15,8
128,4926065,USA MLS,2023,2023-04-29 20:30:00,0,DC United,Charlotte,1,0,1,3,0,3,"['34', '75', '90+5']",[],2,5,7,2.55,2.25,4.2,1.36,3.2,2.65,1.45,6.5,1.1,1.9,3.6,3.9,1.03,13.0,1.25,3.75,1.8,2.0,1.7,2.15,1.28,1.22,1.87,1.0,1.0,1.57,1.17,1.59,1.26,2.85,1.48,7.5,3.25,1.27,1.5,1.9,2.45,3.4,5,2,6,3,11,5
129,4926066,USA MLS,2023,2023-04-29 20:30:00,0,New England Revolution,FC Cincinnati,1,1,2,1,1,2,['45+3'],['31'],3,8,11,2.75,2.25,3.75,1.33,3.3,2.55,1.47,6.0,1.11,2.05,3.5,3.5,1.03,13.0,1.22,4.2,1.75,2.05,1.62,2.25,1.35,1.25,1.72,2.6,1.25,2.33,1.2,1.54,1.58,3.12,1.58,7.5,2.88,1.26,1.48,1.88,2.43,3.3,6,6,6,3,12,9
130,4926067,USA MLS,2023,2023-04-29 20:30:00,0,Orlando City,LA Galaxy,1,0,1,2,0,2,"['38', '57']",[],4,6,10,2.7,2.1,3.6,1.36,2.87,2.6,1.43,6.5,1.1,2.15,3.6,3.13,1.05,9.75,1.26,3.5,1.7,2.1,1.66,2.05,1.33,1.29,1.66,0.8,0.5,1.14,0.29,1.42,1.22,2.64,1.65,7.0,2.7,1.28,1.5,1.93,2.5,3.45,7,4,4,4,11,8
131,4926068,USA MLS,2023,2023-04-29 20:30:00,0,Toronto,New York City,0,0,0,1,0,1,['46'],[],2,4,6,2.85,2.1,3.4,1.38,2.8,2.7,1.4,7.0,1.08,2.45,3.3,2.9,1.05,9.25,1.28,3.3,1.9,1.87,1.71,2.0,1.38,1.3,1.58,1.5,0.5,1.43,0.38,1.23,1.04,2.27,1.65,7.5,2.7,1.22,1.42,1.75,2.25,3.1,7,2,2,2,9,4
132,4926072,USA MLS,2023,2023-04-29 21:30:00,0,St. Louis City,Portland Timbers,0,0,0,1,2,3,['79'],"['63', '82']",2,1,3,2.37,2.2,4.0,1.33,3.0,2.45,1.47,6.0,1.11,1.83,3.75,4.1,1.03,15.0,1.22,4.2,1.7,2.1,1.65,2.1,1.25,1.26,1.88,2.25,0.2,2.0,0.71,1.66,1.0,2.66,1.55,8.5,2.91,1.22,1.42,1.75,2.3,3.1,2,8,4,7,6,15
133,4926071,USA MLS,2023,2023-04-29 21:30:00,0,Sporting KC,Montreal Impact,0,2,2,0,2,2,[],"['35', '45+1']",5,6,11,2.55,2.38,4.2,1.36,3.29,2.77,1.48,6.4,1.1,1.65,3.9,5.0,1.01,10.0,1.23,3.64,1.78,2.05,1.7,2.15,1.28,1.22,1.87,0.33,0.0,0.8,0.38,1.68,1.09,2.77,1.56,9.1,2.92,1.26,1.5,1.88,2.5,3.5,7,5,5,2,12,7
134,4926070,USA MLS,2023,2023-04-29 21:30:00,0,Chicago Fire,New York RB,1,0,1,1,1,2,['34'],['89'],0,5,5,3.05,1.89,3.5,1.44,2.62,3.0,1.36,7.5,1.07,2.5,3.2,2.9,1.07,9.65,1.36,3.17,2.2,1.65,1.87,1.9,1.35,1.3,1.49,1.4,0.4,1.5,0.57,1.16,1.56,2.72,1.85,8.7,2.28,1.25,1.47,1.83,2.4,3.4,5,5,2,4,7,9
135,4926069,USA MLS,2023,2023-04-29 21:30:00,0,Austin,SJ Earthquakes,1,1,2,2,2,4,"['40', '78']","['21', '75']",11,10,21,2.6,2.25,3.75,1.26,3.25,2.55,1.48,6.25,1.11,2.05,3.6,3.4,1.04,15.0,1.18,4.2,1.7,2.1,1.58,2.3,1.29,1.25,1.83,1.25,0.25,1.29,0.29,1.44,1.24,2.68,1.52,7.5,3.05,1.21,1.4,1.71,2.2,3.0,5,4,7,2,12,6
136,4926073,USA MLS,2023,2023-04-29 22:30:00,0,Real Salt Lake,Seattle Sounders,0,0,0,0,0,0,[],[],7,2,9,3.35,2.28,3.32,1.39,3.13,2.91,1.44,6.5,1.1,2.5,3.4,2.75,1.04,10.5,1.24,3.7,1.85,1.93,1.65,2.1,1.49,1.3,1.4,1.5,1.5,1.14,1.43,1.87,1.24,3.11,2.06,7.0,2.06,1.22,1.4,1.71,2.1,3.0,4,2,9,8,13,10
137,4926075,USA MLS,2023,2023-04-29 23:30:00,0,Vancouver Whitecaps,Colorado Rapids,0,0,0,0,0,0,[],[],13,1,14,2.4,2.3,4.5,1.36,3.1,2.65,1.44,6.5,1.09,1.8,3.75,4.33,1.03,13.0,1.25,3.75,1.78,2.0,1.77,2.0,1.22,1.22,2.0,1.75,1.0,2.0,1.13,2.02,1.27,3.29,1.41,6.5,3.4,1.22,1.44,1.85,2.19,2.98,6,3,10,3,16,6
138,4926076,USA MLS,2023,2023-04-30 22:00:00,0,Minnesota United,FC Dallas,0,0,0,0,0,0,[],[],6,3,9,2.88,2.2,3.5,1.36,3.0,2.75,1.4,7.0,1.1,2.34,3.55,2.63,1.01,9.7,1.25,3.6,1.74,1.94,1.67,2.1,1.38,1.32,1.65,0.67,1.0,1.2,1.33,1.22,1.46,2.68,1.68,6.0,2.5,1.21,1.44,1.77,2.19,2.63,6,3,10,2,16,5
139,4926083,USA MLS,2023,2023-05-06 20:30:00,0,Toronto,New England Revolution,0,1,1,0,2,2,[],"['19', '62']",5,4,9,2.68,2.36,4.12,1.36,3.31,2.74,1.49,6.3,1.1,2.24,3.45,3.2,1.0,10.25,1.22,3.72,1.8,2.01,1.64,2.17,1.35,1.29,1.69,1.8,1.75,1.43,1.43,1.27,1.49,2.76,1.52,7.5,3.05,1.2,1.33,1.6,2.05,2.7,6,7,15,5,21,12
140,4926082,USA MLS,2023,2023-05-06 20:30:00,0,SJ Earthquakes,Los Angeles FC,1,1,2,2,1,3,"['8', '83']",['30'],4,5,9,3.37,2.37,3.13,1.35,3.38,2.67,1.51,5.5,1.12,2.8,3.55,2.44,1.04,10.0,1.22,4.0,1.74,2.16,1.62,2.2,1.53,1.3,1.44,2.6,1.5,2.67,1.5,1.54,1.48,3.02,2.05,7.0,2.05,1.18,1.31,1.57,1.98,2.6,4,8,6,11,10,19
141,4926077,USA MLS,2023,2023-05-06 20:30:00,0,Charlotte,New York City,2,1,3,3,2,5,"['8', '39', '74']","['37', '57']",8,6,14,3.27,2.24,3.49,1.41,3.02,3.02,1.41,7.0,1.08,2.6,3.3,2.75,1.02,9.2,1.27,3.32,1.86,1.94,1.71,2.06,1.45,1.35,1.5,1.0,0.4,1.38,0.38,1.33,0.97,2.3,1.8,7.0,2.4,1.26,1.49,1.98,2.45,3.5,4,7,7,4,11,11
142,4926078,USA MLS,2023,2023-05-06 20:30:00,0,FC Cincinnati,DC United,0,0,0,2,1,3,"['59', '73']",['90'],6,6,12,2.22,2.31,4.75,1.33,3.16,2.52,1.49,6.05,1.11,1.74,4.0,4.5,1.04,10.5,1.21,3.82,1.74,2.16,1.71,2.06,1.18,1.25,2.1,3.0,1.4,3.0,1.14,1.25,1.25,2.5,1.35,8.0,3.95,1.24,1.46,1.95,2.4,3.3,5,6,6,9,11,15
143,4926079,USA MLS,2023,2023-05-06 20:30:00,0,Inter Miami,Atlanta United FC,0,0,0,2,1,3,"['59', '75']",['90+2'],3,7,10,3.12,2.35,3.41,1.35,3.33,2.72,1.49,6.1,1.1,2.55,3.45,2.7,1.0,10.5,1.21,3.82,1.73,2.17,1.61,2.23,1.47,1.29,1.53,1.5,1.0,1.71,0.86,1.49,1.03,2.52,1.79,7.0,2.4,1.2,1.39,1.68,2.2,2.95,4,6,5,13,9,19
144,4926080,USA MLS,2023,2023-05-06 20:30:00,0,Montreal Impact,Orlando City,0,0,0,2,0,2,"['62', '66']",[],4,5,9,2.79,2.18,3.72,1.38,3.18,2.86,1.45,6.2,1.1,2.19,3.5,3.25,1.05,12.5,1.27,3.83,1.84,1.96,1.67,2.15,1.35,1.32,1.65,2.0,2.33,2.4,1.83,1.17,1.17,2.34,1.66,7.0,2.7,1.26,1.49,2.0,2.45,3.5,5,3,4,10,9,13
145,4926081,USA MLS,2023,2023-05-06 20:30:00,0,New York RB,Philadelphia Union,0,1,1,0,1,1,[],['31'],3,2,5,2.75,2.05,3.9,1.45,2.64,3.1,1.34,8.1,1.06,2.11,3.45,3.5,1.07,9.95,1.36,3.18,2.08,1.8,1.88,1.9,1.32,1.32,1.68,1.5,0.25,1.71,1.17,1.58,1.43,3.01,1.58,7.0,2.88,1.26,1.49,2.0,2.45,3.5,4,3,15,1,19,4
146,4926085,USA MLS,2023,2023-05-06 21:30:00,0,Houston Dynamo,Real Salt Lake,0,0,0,0,0,0,[],[],4,9,13,2.57,2.19,3.9,1.32,3.25,2.63,1.44,6.5,1.11,2.03,3.65,3.55,1.04,14.25,1.25,3.75,1.74,2.09,1.68,2.15,1.3,1.25,1.83,3.0,0.75,2.17,1.17,1.24,1.31,2.55,1.52,7.5,3.05,1.2,1.39,1.7,2.2,2.95,5,7,11,7,16,14
147,4926086,USA MLS,2023,2023-05-06 21:30:00,0,Nashville SC,Chicago Fire,1,0,1,3,0,3,"['45+3', '70', '90+1']",[],10,2,12,2.43,2.1,4.5,1.4,2.95,2.9,1.4,7.0,1.08,1.83,3.65,4.3,1.03,8.5,1.25,3.5,1.96,1.84,1.87,1.9,1.2,1.29,1.95,1.83,1.0,2.13,0.6,1.31,1.43,2.74,1.43,7.5,3.45,1.24,1.46,1.95,2.4,3.3,12,4,17,2,29,6
148,4926087,USA MLS,2023,2023-05-06 23:30:00,0,LA Galaxy,Colorado Rapids,0,1,1,1,3,4,['89'],"['14', '65', '81']",6,1,7,2.47,2.29,3.85,1.33,3.3,2.5,1.5,6.0,1.12,1.95,3.65,3.8,1.04,15.0,1.22,4.2,1.72,2.12,1.63,2.24,1.28,1.22,1.95,1.0,1.0,1.17,1.13,1.91,1.19,3.1,1.46,8.0,3.3,1.2,1.33,1.6,2.05,2.7,8,6,13,5,21,11
149,4926089,USA MLS,2023,2023-05-06 23:30:00,0,Vancouver Whitecaps,Minnesota United,1,1,2,3,2,5,"['17', '52', '56']","['33', '65']",8,5,13,2.5,2.2,4.5,1.4,3.08,2.96,1.43,6.3,1.1,1.88,3.75,4.0,1.05,8.0,1.29,3.3,2.02,1.79,1.75,2.0,1.22,1.22,1.95,1.6,1.8,2.0,1.5,2.0,1.18,3.18,1.42,8.0,3.5,1.22,1.43,1.8,2.3,3.2,8,6,11,4,19,10
150,4926088,USA MLS,2023,2023-05-06 23:30:00,0,Portland Timbers,Austin,1,0,1,2,2,4,"['33', '71']","['59', '90+2']",5,3,8,2.76,2.21,3.5,1.33,3.25,2.63,1.44,6.5,1.11,2.2,3.55,3.2,1.03,14.5,1.21,4.05,1.74,2.16,1.61,2.28,1.35,1.32,1.65,1.75,0.75,1.57,1.17,1.3,1.18,2.48,1.58,7.5,2.88,1.18,1.35,1.63,2.1,2.8,4,5,7,7,11,12
151,4926090,USA MLS,2023,2023-05-07 17:30:00,0,Seattle Sounders,Sporting KC,0,2,2,1,2,3,['66'],"['4', '31']",5,8,13,2.24,2.22,5.3,1.35,3.25,2.65,1.44,6.5,1.1,1.61,3.5,4.75,1.03,13.0,1.25,3.75,1.8,1.95,1.83,1.95,1.18,1.2,2.2,2.6,0.33,1.86,0.67,1.67,1.41,3.08,1.35,8.0,3.95,1.3,1.56,2.0,2.63,3.65,4,6,7,4,11,10
152,4926091,USA MLS,2023,2023-05-13 14:00:00,0,Chicago Fire,St. Louis City,1,0,1,1,0,1,['40'],[],5,3,8,2.5,2.2,4.0,1.33,3.0,2.5,1.48,5.5,1.11,1.94,3.85,3.6,1.0,10.5,1.21,3.82,1.7,2.1,1.67,2.15,1.26,1.27,1.91,1.33,2.0,1.5,1.67,1.16,1.45,2.61,1.59,8.5,2.78,1.21,1.4,1.71,2.2,3.0,7,4,3,6,10,10
153,4926097,USA MLS,2023,2023-05-13 20:30:00,0,New York RB,New York City,0,0,0,1,0,1,['76'],[],3,4,7,2.63,2.03,4.55,1.48,2.55,3.22,1.32,8.7,1.05,2.02,3.21,3.11,1.04,7.4,1.38,2.75,2.3,1.57,1.98,1.77,1.26,1.32,1.8,1.2,0.33,1.71,0.38,1.64,1.05,2.69,1.51,8.5,3.16,1.27,1.5,2.0,2.5,3.5,5,2,4,5,9,7
154,4926092,USA MLS,2023,2023-05-13 20:30:00,0,Atlanta United FC,Charlotte,0,1,1,1,3,4,['86'],"['18', '52', '57']",6,3,9,2.15,2.45,5.0,1.3,3.5,2.4,1.53,5.5,1.12,1.55,3.98,4.36,1.02,17.0,1.2,4.5,1.57,2.28,1.68,2.1,1.15,1.17,2.4,2.6,0.8,2.29,1.17,1.67,1.18,2.85,1.45,9.0,3.19,1.21,1.4,1.71,2.2,3.0,3,5,11,2,14,7
155,4926093,USA MLS,2023,2023-05-13 20:30:00,0,Columbus Crew,Orlando City,2,0,2,2,2,4,"['39', '45+2']","['49', '90+2']",6,5,11,2.25,2.2,4.75,1.4,3.1,2.93,1.43,6.95,1.08,1.72,3.6,4.1,1.05,12.5,1.28,3.75,1.88,2.0,1.82,1.95,1.22,1.28,2.05,2.0,1.75,2.0,1.83,1.85,1.2,3.05,1.51,8.5,3.07,1.27,1.5,1.98,2.5,3.5,8,4,16,7,24,11
156,4926094,USA MLS,2023,2023-05-13 20:30:00,0,DC United,Nashville SC,0,0,0,1,1,2,['83'],['73'],4,2,6,2.95,2.1,3.75,1.42,2.85,3.0,1.36,7.5,1.07,2.28,3.1,2.94,1.05,11.0,1.35,3.2,2.01,1.83,1.83,1.9,1.36,1.25,1.68,1.4,1.0,1.57,1.33,1.54,1.11,2.65,1.75,8.0,2.42,1.26,1.5,1.98,2.5,3.5,2,3,7,4,9,7
157,4926095,USA MLS,2023,2023-05-13 20:30:00,0,Inter Miami,New England Revolution,2,1,3,2,1,3,"['6', '44']",['26'],2,6,8,2.99,2.18,3.34,1.36,3.0,2.68,1.44,6.6,1.09,2.42,3.0,2.83,1.01,9.8,1.24,3.55,1.92,1.96,1.66,2.14,1.44,1.3,1.55,1.8,2.0,1.71,1.43,1.41,1.54,2.95,1.82,8.0,2.39,1.2,1.4,1.71,2.2,3.0,5,3,4,6,9,9
158,4926096,USA MLS,2023,2023-05-13 20:30:00,0,Montreal Impact,Toronto,0,0,0,2,0,2,"['53', '68']",[],8,5,13,2.7,2.15,3.6,1.39,2.88,2.71,1.43,6.75,1.09,2.11,3.2,3.2,1.05,12.5,1.27,3.83,1.85,1.99,1.69,2.11,1.35,1.32,1.65,2.25,0.6,2.4,0.43,1.17,1.13,2.3,1.64,8.0,2.67,1.25,1.47,1.95,2.4,3.4,7,2,9,1,16,3
159,4926100,USA MLS,2023,2023-05-13 21:30:00,0,Sporting KC,Minnesota United,2,0,2,3,0,3,"['9', '22', '84']",[],5,3,8,2.6,2.2,4.2,1.38,3.0,2.8,1.42,7.0,1.09,1.91,3.35,3.6,1.04,11.0,1.28,3.6,1.94,1.9,1.73,2.0,1.28,1.25,1.85,0.25,1.5,0.8,1.5,1.68,1.2,2.88,1.37,9.0,3.7,1.27,1.39,1.9,2.15,2.85,5,4,6,4,11,8
160,4926098,USA MLS,2023,2023-05-13 21:30:00,0,Austin,FC Dallas,0,0,0,0,1,1,[],['89'],2,5,7,2.7,2.15,3.5,1.35,2.9,2.6,1.44,6.5,1.1,2.12,3.2,3.2,1.05,10.0,1.25,3.6,1.86,1.98,1.65,2.1,1.35,1.29,1.65,1.2,1.0,1.29,1.33,1.45,1.34,2.79,1.69,8.0,2.54,1.2,1.4,1.71,2.2,3.0,3,4,7,11,10,15
161,4926099,USA MLS,2023,2023-05-13 21:30:00,0,Houston Dynamo,Seattle Sounders,0,0,0,0,1,1,[],['87'],2,5,7,3.0,2.15,3.3,1.38,2.8,2.7,1.4,6.0,1.09,2.36,3.0,2.9,1.05,11.0,1.29,3.4,1.85,2.03,1.72,2.09,1.44,1.33,1.53,2.6,1.4,2.17,1.43,1.32,1.21,2.53,1.95,8.0,2.1,1.18,1.35,1.63,2.1,2.8,2,3,3,11,5,14
162,4926101,USA MLS,2023,2023-05-13 22:30:00,0,Colorado Rapids,Philadelphia Union,1,1,2,1,2,3,['38'],"['45+2', '52']",6,6,12,3.2,2.2,3.25,1.4,2.75,2.75,1.4,8.0,1.08,2.45,2.92,2.63,1.03,8.5,1.25,3.5,1.92,1.92,1.7,2.05,1.47,1.25,1.52,0.75,0.8,0.5,1.17,1.61,1.3,2.91,1.75,8.0,2.44,1.26,1.45,1.88,2.27,3.1,6,3,6,8,12,11
163,4926102,USA MLS,2023,2023-05-13 22:30:00,0,Real Salt Lake,Los Angeles FC,0,2,2,0,3,3,[],"['8', '34', '87']",6,2,8,3.4,2.25,3.0,1.33,3.25,2.63,1.44,6.5,1.11,2.85,3.1,2.34,1.03,13.0,1.22,4.0,1.77,2.12,1.62,2.2,1.6,1.25,1.42,1.4,1.2,1.14,1.5,1.78,1.6,3.38,1.75,8.0,2.42,1.2,1.4,1.67,2.12,2.77,6,5,15,11,21,16
164,4926103,USA MLS,2023,2023-05-13 23:30:00,0,Portland Timbers,Vancouver Whitecaps,2,1,3,3,1,4,"['2', '18', '54']",['24'],4,7,11,2.88,2.2,3.5,1.36,3.0,2.75,1.4,7.0,1.1,2.24,3.02,2.86,1.04,12.0,1.28,3.75,1.83,2.01,1.67,2.1,1.4,1.25,1.62,1.6,0.75,1.57,0.5,1.3,1.47,2.77,2.28,8.0,1.85,1.2,1.38,1.67,2.12,2.85,8,5,7,4,15,9
165,4926104,USA MLS,2023,2023-05-14 22:30:00,0,LA Galaxy,SJ Earthquakes,0,0,0,2,1,3,"['60', '90+1']",['90+4'],4,2,6,2.4,2.4,4.0,1.29,3.5,2.38,1.53,5.5,1.14,1.9,3.81,3.61,1.03,17.0,1.18,4.33,1.55,2.4,1.53,2.38,1.25,1.2,1.91,0.8,0.4,1.17,0.29,2.0,1.18,3.18,1.51,8.5,3.07,1.2,1.37,1.48,1.85,2.35,6,4,12,4,18,8
166,4926109,USA MLS,2023,2023-05-17 20:30:00,0,Orlando City,New York City,1,0,1,1,1,2,['7'],['89'],5,3,8,2.9,2.15,3.75,1.4,3.0,2.85,1.4,7.0,1.08,2.45,3.5,2.75,1.03,8.4,1.31,3.08,1.9,1.87,1.85,1.9,1.35,1.25,1.72,1.17,0.29,1.14,0.38,1.42,1.03,2.45,1.73,8.8,2.49,1.36,1.66,2.15,3.0,3.64,5,7,7,8,12,15
167,4926111,USA MLS,2023,2023-05-17 20:30:00,0,Toronto,New York RB,0,0,0,0,0,0,[],[],6,1,7,2.62,2.05,3.8,1.42,2.65,2.9,1.35,8.25,1.07,2.05,3.5,3.5,1.06,10.25,1.32,3.12,2.0,1.78,1.85,1.95,1.32,1.32,1.7,1.5,0.5,1.43,0.57,1.41,1.5,2.91,2.14,8.3,1.98,1.43,1.8,2.37,3.4,4.4,4,4,12,9,16,13
168,4926105,USA MLS,2023,2023-05-17 20:30:00,0,Atlanta United FC,Colorado Rapids,1,0,1,4,0,4,"['29', '80', '87', '90']",[],7,2,9,2.05,2.3,5.0,1.31,3.28,2.46,1.51,5.8,1.12,1.55,4.33,5.5,1.02,15.0,1.22,4.2,1.75,2.05,1.68,2.13,1.19,1.24,2.17,2.17,1.29,2.29,1.13,1.63,1.21,2.84,1.33,7.0,3.9,1.16,1.26,1.49,1.83,2.4,11,4,11,2,22,6
169,4926106,USA MLS,2023,2023-05-17 20:30:00,0,Charlotte,Chicago Fire,0,1,1,2,1,3,"['68', '81']",['29'],8,2,10,2.62,2.25,3.3,1.33,3.16,2.52,1.49,6.05,1.11,2.15,3.75,3.0,1.03,15.0,1.22,4.2,1.72,2.1,1.62,2.23,1.31,1.28,1.78,1.33,0.75,1.38,0.6,1.31,1.31,2.62,1.65,8.9,2.67,1.3,1.57,1.98,2.7,3.8,4,4,1,1,5,5
170,4926107,USA MLS,2023,2023-05-17 20:30:00,0,FC Cincinnati,Montreal Impact,2,0,2,3,0,3,"['2', '26', '65']",[],5,2,7,2.2,2.35,5.0,1.33,3.3,2.6,1.47,6.0,1.11,1.5,4.33,6.0,1.03,13.0,1.22,4.0,1.78,2.0,1.75,2.0,1.17,1.2,2.3,3.0,0.5,3.0,0.38,1.27,1.08,2.35,1.68,8.9,2.59,1.32,1.6,2.05,2.8,4.0,6,6,7,4,13,10
171,4926108,USA MLS,2023,2023-05-17 20:30:00,0,Columbus Crew,LA Galaxy,2,0,2,2,0,2,"['25', '43']",[],1,6,7,2.45,2.3,4.33,1.35,3.2,2.65,1.45,6.5,1.1,1.72,4.0,4.5,1.03,13.0,1.25,4.0,1.78,2.0,1.72,2.1,1.22,1.22,2.0,1.83,0.4,2.0,0.29,1.99,1.2,3.19,1.73,9.1,2.47,1.24,1.44,1.8,2.35,3.25,4,4,8,7,12,11
172,4926110,USA MLS,2023,2023-05-17 20:55:00,0,Philadelphia Union,DC United,0,0,0,0,0,0,[],[],4,4,8,2.05,2.3,4.8,1.37,2.96,2.71,1.43,6.75,1.09,1.65,4.0,5.0,1.03,13.0,1.25,3.75,1.78,2.0,1.87,1.89,1.15,1.24,2.29,2.0,1.17,2.0,1.14,1.67,1.34,3.01,1.5,8.9,3.18,1.44,1.8,2.4,3.4,4.14,3,5,16,8,19,13
173,4926114,USA MLS,2023,2023-05-17 21:30:00,0,Nashville SC,Inter Miami,1,0,1,2,1,3,"['33', '49']",['90+3'],6,3,9,2.3,2.3,4.75,1.36,3.1,2.75,1.42,7.0,1.09,1.72,3.75,4.75,1.04,13.0,1.28,3.6,1.87,1.9,1.85,1.9,1.18,1.2,2.2,2.0,0.6,2.13,0.5,1.55,1.24,2.79,1.38,8.0,4.0,1.23,1.4,1.9,2.2,2.9,6,5,11,7,17,12
174,4926113,USA MLS,2023,2023-05-17 21:30:00,0,Minnesota United,Houston Dynamo,1,0,1,1,0,1,['14'],[],4,8,12,2.65,2.1,3.75,1.37,2.8,2.65,1.41,6.75,1.09,2.1,3.5,3.4,1.03,13.0,1.22,4.0,1.9,1.87,1.72,1.98,1.3,1.3,1.7,0.75,0.25,1.2,0.33,1.37,1.28,2.65,1.57,7.5,3.0,1.14,1.29,1.52,1.94,2.47,6,5,9,9,15,14
175,4926112,USA MLS,2023,2023-05-17 21:30:00,0,FC Dallas,Vancouver Whitecaps,1,1,2,2,1,3,"['37', '54']",['23'],5,2,7,2.3,2.25,5.0,1.4,2.95,2.9,1.38,7.5,1.08,1.72,3.6,5.0,1.04,11.0,1.33,3.3,2.0,1.8,1.95,1.83,1.2,1.2,2.1,2.0,0.6,2.0,0.5,1.23,1.45,2.68,1.75,7.5,2.5,1.23,1.44,1.8,2.35,3.25,4,5,9,3,13,8
176,4926116,USA MLS,2023,2023-05-17 23:30:00,0,Los Angeles FC,Sporting KC,1,1,2,1,1,2,['13'],['20'],5,3,8,2.1,2.5,5.0,1.28,3.75,2.25,1.6,5.0,1.15,1.53,4.5,5.5,1.02,17.0,1.16,5.0,1.68,2.15,1.62,2.25,1.15,1.17,2.45,3.0,0.71,2.67,0.67,1.99,1.4,3.39,1.48,8.0,3.4,1.21,1.44,1.83,2.16,2.63,7,4,7,4,14,8
177,4926117,USA MLS,2023,2023-05-17 23:30:00,0,Seattle Sounders,Austin,0,1,1,1,2,3,['79'],"['36', '57']",8,3,11,2.05,2.45,5.5,1.3,3.4,2.5,1.5,6.0,1.12,1.53,4.5,5.5,1.02,15.0,1.22,4.2,1.68,2.15,1.72,2.1,1.18,1.17,2.3,2.17,0.8,1.86,1.17,1.6,1.25,2.85,1.38,8.0,4.0,1.14,1.29,1.6,1.83,2.4,5,5,13,2,18,7
178,4926115,USA MLS,2023,2023-05-18 00:12:00,0,Real Salt Lake,Portland Timbers,0,0,0,0,0,0,[],[],5,3,8,2.45,2.3,4.33,1.33,3.25,2.6,1.47,6.0,1.11,1.85,3.75,4.0,1.03,13.0,1.22,4.0,1.78,2.0,1.68,2.15,1.22,1.22,2.0,1.17,0.67,1.14,0.71,1.84,1.12,2.96,1.38,8.0,4.0,1.14,1.29,1.51,1.9,2.45,7,5,13,6,20,11
179,4926122,USA MLS,2023,2023-05-20 20:30:00,0,New York RB,Montreal Impact,2,1,3,2,1,3,"['23', '38']",['29'],5,3,8,2.5,2.05,4.2,1.4,2.75,2.75,1.4,7.0,1.08,1.73,3.5,5.0,1.06,8.5,1.33,3.0,2.15,1.62,1.87,1.82,1.24,1.29,1.83,1.5,0.43,1.71,0.38,1.57,1.13,2.7,1.4,8.0,3.8,1.32,1.66,2.03,2.5,3.75,7,4,9,6,16,10
180,4926123,USA MLS,2023,2023-05-20 20:30:00,0,Philadelphia Union,New England Revolution,0,0,0,3,0,3,"['56', '74', '88']",[],7,6,13,2.7,2.2,4.0,1.38,3.0,2.85,1.4,7.0,1.08,1.95,3.5,3.8,1.04,12.0,1.3,3.5,1.83,2.03,1.75,2.0,1.3,1.22,1.8,1.83,1.67,2.0,1.43,1.67,1.52,3.19,1.45,8.0,3.5,1.18,1.43,1.67,2.1,2.6,8,0,11,8,19,8
181,4926121,USA MLS,2023,2023-05-20 20:30:00,0,Inter Miami,Orlando City,0,1,1,1,3,4,['57'],"['19', '68', '86']",3,2,5,3.1,2.2,3.3,1.33,3.0,2.62,1.44,6.0,1.1,2.2,3.5,3.1,1.05,9.0,1.25,3.74,1.9,1.95,1.67,2.15,1.45,1.3,1.5,2.0,1.6,1.71,1.83,1.37,1.2,2.57,1.83,6.5,2.5,1.26,1.54,1.88,2.31,3.3,3,5,5,7,8,12
182,4926120,USA MLS,2023,2023-05-20 20:30:00,0,DC United,LA Galaxy,0,0,0,3,0,3,"['71', '73', '80']",[],2,1,3,2.4,2.25,3.8,1.3,3.2,2.62,1.44,6.0,1.1,1.95,3.5,3.75,1.01,11.0,1.2,4.0,1.67,2.07,1.57,2.25,1.3,1.25,1.67,1.33,0.33,1.57,0.29,1.47,1.2,2.67,1.91,6.5,2.38,1.23,1.5,1.8,2.25,3.2,6,7,10,5,16,12
183,4926119,USA MLS,2023,2023-05-20 20:30:00,0,FC Cincinnati,Columbus Crew,2,1,3,3,2,5,"['17', '23', '67']","['40', '52']",2,4,6,2.25,2.2,4.5,1.35,2.9,2.6,1.43,6.5,1.1,1.83,3.6,4.2,1.03,13.0,1.25,3.75,1.77,1.93,1.77,1.93,1.19,1.25,2.05,3.0,0.8,3.0,0.67,1.32,1.29,2.61,1.83,5.75,2.35,1.28,1.58,1.93,2.39,3.45,7,8,5,5,12,13
184,4926118,USA MLS,2023,2023-05-20 20:30:00,0,Charlotte,Nashville SC,1,1,2,1,2,3,['6'],"['39', '90+3']",2,8,10,2.9,2.2,3.1,1.3,3.2,2.5,1.5,6.0,1.11,2.5,3.3,2.75,1.04,11.0,1.22,3.9,1.88,1.98,1.58,2.2,1.44,1.29,1.53,1.57,1.0,1.38,1.33,1.29,1.08,2.37,1.8,7.0,2.5,1.25,1.5,1.8,2.25,3.2,7,5,5,7,12,12
185,4926124,USA MLS,2023,2023-05-20 21:30:00,0,Austin,Toronto,0,0,0,1,0,1,['90+1'],[],11,2,13,2.6,2.2,4.2,1.4,3.0,2.85,1.4,7.0,1.08,2.0,3.5,3.6,1.06,8.0,1.3,3.4,1.69,2.04,1.75,2.0,1.28,1.25,1.87,1.0,0.5,1.29,0.43,1.45,1.03,2.48,1.6,7.0,3.0,1.17,1.32,1.6,1.95,2.4,3,0,13,4,16,4
186,4926125,USA MLS,2023,2023-05-20 21:30:00,0,Chicago Fire,Atlanta United FC,1,1,2,3,3,6,"['42', '49', '89']","['29', '55', '64']",2,5,7,3.0,2.3,3.25,1.3,3.5,2.4,1.53,5.5,1.12,2.25,3.5,3.0,1.02,17.0,1.2,4.5,1.68,2.05,1.53,2.4,1.47,1.22,1.57,1.57,0.83,1.5,0.86,1.19,1.21,2.4,1.86,9.0,2.25,1.21,1.5,1.81,2.19,2.91,4,8,7,9,11,17
187,4926126,USA MLS,2023,2023-05-20 21:30:00,0,FC Dallas,Houston Dynamo,0,0,0,1,1,2,['53'],['85'],6,8,14,2.45,2.3,4.33,1.36,3.2,2.65,1.45,6.5,1.1,1.95,3.5,3.75,1.05,9.0,1.25,3.74,2.0,1.85,1.68,2.1,1.22,1.22,2.0,2.17,0.2,2.0,0.33,1.27,1.34,2.61,1.4,6.5,3.5,1.25,1.46,1.74,2.35,3.2,6,3,6,6,12,9
188,4926127,USA MLS,2023,2023-05-20 22:30:00,0,Colorado Rapids,Real Salt Lake,1,3,4,2,3,5,"['33', '74']","['12', '21', '44']",4,4,8,2.72,2.23,3.88,1.33,3.0,2.62,1.44,6.0,1.1,2.0,3.6,3.5,1.02,10.0,1.2,4.0,1.72,2.0,1.6,2.2,1.25,1.25,1.73,0.6,0.8,0.5,1.17,1.61,1.39,3.0,1.58,6.25,2.8,1.22,1.41,1.75,2.13,2.95,5,5,8,3,13,8
189,4926128,USA MLS,2023,2023-05-20 22:30:00,0,St. Louis City,Sporting KC,2,0,2,4,0,4,"['19', '25', '55', '74']",[],4,11,15,2.35,2.35,4.33,1.3,3.4,2.55,1.47,6.0,1.11,1.95,3.6,3.6,1.02,15.0,1.22,4.2,1.75,1.95,1.68,2.15,1.25,1.2,2.0,1.8,0.75,2.0,0.67,1.53,1.37,2.9,1.87,7.1,2.42,1.22,1.44,1.72,2.35,3.25,7,8,8,10,15,18
190,4926129,USA MLS,2023,2023-05-20 23:30:00,0,Los Angeles FC,SJ Earthquakes,1,0,1,2,1,3,"['3', '90+5']",['52'],15,7,22,2.05,2.45,5.5,1.3,3.4,2.5,1.5,6.0,1.12,1.4,4.8,7.0,1.01,11.0,1.17,4.5,1.68,2.07,1.78,2.0,1.14,1.17,2.5,2.6,0.33,2.67,0.29,1.97,1.16,3.13,1.25,7.25,4.8,1.17,1.29,1.53,1.83,2.45,7,4,9,13,16,17
191,4926130,USA MLS,2023,2023-05-20 23:30:00,0,Portland Timbers,Minnesota United,0,0,0,0,1,1,[],['90+5'],7,4,11,2.55,2.25,4.2,1.36,3.2,2.65,1.45,6.5,1.1,1.91,3.6,3.8,1.05,9.0,1.25,3.74,1.83,2.03,1.7,2.15,1.28,1.22,1.87,1.83,1.29,1.57,1.5,1.4,1.18,2.58,1.71,6.0,2.5,1.18,1.3,1.6,1.94,2.4,4,7,20,4,24,11
192,4926131,USA MLS,2023,2023-05-20 23:30:00,0,Vancouver Whitecaps,Seattle Sounders,1,0,1,2,0,2,"['44', '58']",[],6,9,15,2.6,2.2,3.75,1.35,3.0,2.6,1.45,6.75,1.1,2.3,3.4,3.0,1.05,13.25,1.25,3.95,1.93,1.93,1.68,2.15,1.32,1.32,1.72,1.83,1.67,2.0,1.43,2.02,1.29,3.31,1.44,6.5,3.25,1.16,1.3,1.53,1.83,2.48,6,2,12,8,18,10
